date,pollster,n,National,Labour,Green,NZ First,ACT
1990-10-27,,,47.82,35.14,,,
1990-12-08,,,50.0,32.0,,,
1991-02-02,,,46.0,38.0,,,
1991-03-09,,,43.0,40.0,,,
1991-04-06,,,36.0,42.0,,,
1991-05-06,,,39.0,43.0,,,
1991-06-08,,,35.0,42.0,,,
1991-07-06,,,37.0,45.0,,,
1991-08-03,,,34.0,43.0,,,
1991-08-31,,,27.0,47.0,,,
1991-09-21,,,22.0,42.0,,,
1991-10-19,,,30.0,43.0,,,
1991-11-23,,,24.0,41.0,,,
1991-12-07,,,26.0,36.0,,,
1992-02-01,,,26.0,38.0,,,
1992-03-07,,,32.0,36.0,,,
1992-04-04,,,31.0,39.0,,,
1992-04-29,,,34.0,42.0,,,
1992-06-06,,,33.0,42.0,,,
1992-07-03,,,37.0,37.0,,,
1992-08-08,,,36.0,41.0,,,
1992-09-05,,,34.0,39.0,,,
1992-10-03,,,30.0,42.0,,,
1992-11-07,,,30.0,40.0,,,
1992-12-05,,,29.0,36.0,,,
1993-02-06,,,33.0,43.0,,,
1993-03-06,,,28.0,46.0,,,
1993-04-03,,,30.0,48.0,,,
1993-05-01,,,29.0,45.0,,,
1993-05-29,,,29.0,40.0,,,
1993-07-03,,,37.0,35.0,,,
1993-07-19,,,40.0,33.0,,12.0,
1993-08-08,,,41.0,33.0,,15.0,
1993-09-04,,,39.0,36.0,,11.0,
1993-10-02,,,37.0,37.0,,12.0,
1993-10-17,,,38.0,34.0,,10.0,
1993-10-31,,,39.0,32.0,,9.0,
1993-11-06,,,35.05,34.68,,8.4,
1993-11-06,,,35.05,34.68,,8.4,
1993-12-04,,,35.0,25.0,,10.0,
1994-02-19,,,35.0,32.0,,8.0,
1994-03-05,,,32.0,32.0,,7.0,
1994-03-26,,,32.0,29.0,,7.0,
1994-05-07,,,34.0,30.0,,8.0,
1994-05-28,,,32.0,29.0,,7.0,
1994-07-02,,,36.0,29.0,,8.0,
1994-07-30,,,35.0,27.0,,7.0,
1994-09-03,,,36.0,22.0,,7.0,
1994-10-01,,,35.0,24.0,,8.0,
1994-10-29,,,39.0,27.0,,7.0,
1994-12-03,,,40.0,28.0,,6.0,2.0
1995-05-09,,,38.0,25.0,,5.0,4.0
1995-06-15,,,36.0,27.0,,6.0,3.0
1995-07-17,,,42.0,24.0,,5.0,2.0
1995-08-13,,,42.0,23.0,,5.0,2.9
1995-09-07,,,46.0,24.0,,5.0,1.9
1995-10-07,,,49.0,16.0,,4.5,2.9
1995-11-14,,,45.0,20.0,,5.0,2.1
1996-02-21,,,44.0,20.0,,8.0,1.3
1996-03-18,,,42.0,17.0,,17.0,3.8
1996-04-18,,,40.0,18.0,,22.0,4.1
1996-05-16,,,35.0,15.0,,29.0,3.0
1996-06-09,,,43.0,16.0,,28.0,2.4
1996-06-14,,,41.0,16.0,,25.0,1.8
1996-07-07,,,41.0,16.0,,24.0,2.7
1996-07-19,,,43.0,19.0,,20.0,3.2
1996-07-21,,,43.0,19.0,,20.0,1.2
1996-08-02,,,40.0,15.0,,21.0,2.5
1996-08-04,,,42.0,19.0,,21.0,3.2
1996-08-15,,,39.0,14.0,,20.0,4.0
1996-08-18,,,37.0,20.0,,17.0,3.4
1996-08-29,,,35.0,19.0,,20.0,4.6
1996-09-01,,,38.0,21.0,,18.0,2.4
1996-09-12,,,35.0,16.0,,19.0,4.3
1996-09-26,,,40.0,18.0,,14.0,5.0
1996-10-03,,,34.0,24.0,,15.0,3.8
1996-10-08,,,30.0,26.0,,16.0,6.4
1996-10-12,,,33.87,28.19,,13.35,6.1
1996-10-12,,,33.87,28.19,,13.35,6.1
1997-02-13,,,45.0,31.0,,7.0,4.3
1997-03-13,,,47.0,32.0,,4.2,4.4
1997-04-11,,,41.0,36.0,,5.0,6.0
1997-05-13,,,38.0,42.0,,3.8,4.7
1997-05-25,,,30.0,45.0,,6.0,7.1
1997-06-25,,,39.0,41.0,,4.4,4.9
1997-07-10,,,39.0,42.0,,3.8,4.5
1997-08-07,,,39.0,42.0,,3.7,4.7
1997-09-18,,,36.0,45.0,,1.9,6.0
1997-10-11,,,31.0,49.0,,4.5,5.9
1997-10-13,,,32.0,50.0,,1.7,4.6
1997-10-16,,,30.0,52.0,,1.8,6.0
1997-11-04,,,37.0,45.0,,2.3,5.0
1997-11-13,,,36.0,45.0,,2.8,7.0
1997-11-23,,,34.0,45.0,,3.1,7.0
1997-12-10,,,40.0,46.0,0.6,1.1,5.0
1998-02-12,,,42.0,45.0,0.4,1.3,5.0
1998-02-15,,,38.0,44.0,0.5,1.8,4.4
1998-03-25,,,42.0,39.0,0.6,1.6,8.0
1998-04-21,,,42.0,38.0,0.4,2.2,6.1
1998-04-23,,,46.0,38.0,0.4,2.5,5.0
1998-05-11,,,38.3,34.7,1.4,1.7,11.8
1998-05-14,,,41.0,37.0,0.2,2.1,9.0
1998-06-18,,,37.0,37.0,0.5,2.1,11.0
1998-07-09,,,36.0,42.0,0.2,1.9,8.0
1998-07-10,,,36.0,42.0,1.0,2.3,5.1
1998-08-06,,,39.0,40.0,0.7,2.6,6.0
1998-08-11,,,32.6,46.1,,2.2,5.9
1998-08-13,,,39.0,41.0,,2.9,5.0
1998-09-13,,,35.0,42.0,0.4,4.4,4.7
1998-09-22,,,41.0,42.0,0.3,1.8,6.0
1998-10-15,,,35.0,48.0,0.7,2.0,6.0
1998-11-16,,,34.0,48.0,0.5,2.0,6.0
1998-11-17,,,32.0,49.0,1.0,3.0,5.0
1998-12-07,,,32.0,51.0,,3.5,4.5
1998-12-10,,,35.0,45.0,0.4,2.4,5.0
1999-02-11,,,41.0,42.0,0.7,2.6,3.9
1999-02-14,,,37.0,43.0,1.0,3.0,5.0
1999-03-23,,,42.0,39.0,0.6,2.2,6.0
1999-04-18,,,37.0,41.0,1.0,3.0,5.0
1999-04-27,,,38.0,44.0,0.5,1.5,6.0
1999-05-19,,,39.0,44.0,0.9,2.6,4.4
1999-06-17,,,41.0,42.0,1.4,1.9,4.9
1999-06-20,,,33.0,46.0,1.4,4.0,4.0
1999-07-13,,,38.0,44.0,0.9,1.8,4.7
1999-07-25,,,37.0,38.0,1.5,4.7,6.0
1999-08-05,,,38.0,40.0,1.1,4.0,7.0
1999-08-22,,,32.0,40.0,2.6,7.0,6.0
1999-09-03,,,35.7,43.8,3.1,5.5,
1999-09-16,,,35.0,41.0,1.9,4.1,5.0
1999-09-19,,,33.0,39.0,2.4,7.0,7.0
1999-10-10,,,36.0,40.0,2.0,4.0,7.0
1999-10-18,,,37.0,39.0,1.0,6.0,7.0
1999-10-20,,,33.0,37.0,2.5,6.0,9.0
1999-11-05,,,34.0,35.2,2.9,1.0,9.2
1999-11-07,,,28.0,41.0,2.9,6.0,10.0
1999-11-11,,,33.0,34.0,2.4,6.0,11.0
1999-11-17,,,30.0,37.0,2.8,6.0,9.0
1999-11-26,,,29.9,39.8,5.4,3.6,8.5
1999-11-26,,,31.0,39.0,6.0,3.2,7.0
1999-11-26,,,29.0,34.0,6.0,5.5,11.0
1999-11-27,,,30.5,38.74,5.16,4.26,7.04
1999-11-27,,,30.5,38.74,5.16,4.26,7.04
2000-02-28,,,30.0,51.0,4.0,3.0,4.0
2000-02-28,,,31.0,50.0,4.3,2.1,5.0
2000-04-18,,,28.0,53.0,5.0,1.0,4.0
2000-06-26,,,34.0,46.0,5.0,2.0,4.0
2000-06-30,,,32.0,43.0,3.0,6.0,10.0
2000-08-22,,,36.0,47.0,5.0,2.0,4.0
2000-09-10,,,41.0,36.0,7.0,,4.0
2000-10-31,,,39.0,44.0,4.0,2.0,3.0
2001-02-20,,,34.0,49.0,4.7,1.5,3.6
2001-04-09,,,32.0,50.0,5.0,2.0,4.2
2001-05-05,,,32.0,43.0,6.5,,6.0
2001-05-14,,,41.0,44.0,6.0,,
2001-06-11,,,31.0,49.0,7.0,3.3,2.0
2001-10-12,,,39.0,46.0,5.0,3.5,3.1
2001-10-19,,,33.0,43.0,8.0,3.6,5.2
2001-11-12,,,40.0,44.0,5.0,2.0,3.0
2001-12-17,,,35.0,45.0,6.0,3.0,3.0
2002-02-27,,,30.0,54.0,6.0,2.2,3.0
2002-06-07,,,29.0,53.0,7.2,3.3,4.5
2002-06-10,,,24.0,56.0,9.0,3.1,3.9
2002-06-10,,,31.2,49.9,7.7,2.5,4.7
2002-06-17,,,27.0,53.0,9.0,3.0,4.0
2002-06-26,,,25.7,52.1,8.3,3.8,4.4
2002-07-03,,,24.6,51.2,9.6,4.4,5.7
2002-07-05,,,24.0,51.0,10.8,5.7,5.0
2002-07-11,,,24.0,48.0,7.9,7.9,6.3
2002-07-11,,,24.5,48.0,10.1,6.4,5.8
2002-07-15,,,27.0,46.0,9.0,6.0,8.0
2002-07-17,,,23.1,46.7,11.3,8.3,5.5
2002-07-18,,,25.0,46.0,9.0,8.0,6.0
2002-07-22,,,23.6,40.8,6.9,10.2,8.1
2002-07-25,,,21.0,44.0,8.0,10.0,7.0
2002-07-25,,,21.0,43.0,9.0,8.0,8.0
2002-07-26,,,23.2,38.8,9.0,9.6,8.9
2002-07-27,,,20.93,41.26,7.0,10.38,7.14
2002-07-27,,,20.93,41.26,7.0,10.38,7.14
2002-09-01,,,25.0,40.0,7.0,10.0,6.0
2002-09-22,,,19.0,49.0,8.0,10.0,5.0
2002-09-22,,,22.0,44.0,8.5,9.5,
2002-09-26,,,26.0,47.0,6.0,8.0,5.0
2002-10-20,,,24.0,47.0,7.5,9.1,4.9
2002-10-27,,,25.0,51.0,5.0,7.0,5.0
2002-11-18,,,26.0,49.0,5.0,8.0,6.0
2002-11-24,,,19.0,50.0,8.0,10.0,4.8
2002-12-15,,,25.0,52.0,5.0,6.0,5.0
2003-02-03,,,22.9,49.6,5.1,7.2,5.9
2003-02-16,,,21.0,56.0,6.0,6.0,4.2
2003-02-17,,,27.0,53.0,6.0,5.0,6.0
2003-03-23,,,28.0,51.0,5.0,6.0,6.0
2003-04-13,,,26.0,53.0,6.0,5.0,4.9
2003-04-13,,,26.0,52.0,5.0,6.0,5.0
2003-05-15,,,28.0,50.0,3.0,7.0,6.0
2003-05-18,,,28.0,49.4,5.3,8.0,5.6
2003-06-16,,,28.0,54.0,4.0,,
2003-06-16,,,24.0,52.0,6.0,8.0,4.5
2003-07-01,,,27.2,48.2,5.1,9.2,4.8
2003-07-13,,,28.0,51.0,4.0,7.0,6.0
2003-08-12,,,23.0,52.0,6.0,9.0,5.0
2003-08-17,,,26.8,47.7,5.0,9.7,4.4
2003-08-17,,,27.0,47.0,5.0,8.0,6.0
2003-09-15,,,29.0,45.0,7.0,8.0,5.0
2003-10-06,,,24.0,46.0,8.0,10.0,6.0
2003-10-14,,,27.0,45.0,7.0,8.0,6.0
2003-10-15,,,22.3,43.3,9.2,12.3,6.2
2003-11-09,,,31.0,45.0,7.0,8.0,4.0
2003-12-14,,,28.0,45.0,4.0,11.0,6.0
2004-02-04,,,45.0,38.0,5.0,6.0,1.3
2004-02-05,,,32.0,43.0,8.0,8.0,4.2
2004-02-23,,,45.5,37.0,5.3,5.6,2.3
2004-02-29,,,42.0,39.0,6.0,6.0,2.4
2004-03-22,,,49.0,39.0,2.2,4.0,2.0
2004-03-31,,,42.0,42.0,4.6,5.0,1.3
2004-04-25,,,48.0,37.0,5.0,5.0,1.6
2004-05-20,,,47.0,37.0,4.0,5.0,3.0
2004-06-01,,,44.0,36.0,4.7,5.6,2.0
2004-06-03,,,40.0,43.0,4.6,5.0,2.0
2004-06-21,,,44.0,40.0,5.0,2.7,2.3
2004-07-08,,,43.0,39.0,4.0,5.0,2.7
2004-07-31,,,39.0,44.0,4.7,5.0,2.6
2004-08-01,,,39.0,44.0,,,3.0
2004-08-12,,,40.0,44.0,4.0,4.0,1.6
2004-09-13,,,42.0,42.0,4.0,5.0,2.5
2004-09-28,,,36.0,40.8,3.6,5.0,1.0
2004-10-06,,,33.0,45.0,5.2,5.0,3.3
2004-10-14,,,39.0,44.0,4.0,5.0,3.1
2004-11-15,,,38.0,44.0,4.0,5.0,3.3
2004-11-27,,,30.4,50.1,5.4,5.7,2.5
2004-12-01,,,32.0,46.0,5.1,7.0,2.8
2004-12-13,,,35.0,47.0,5.0,5.0,2.8
2005-02-01,,,35.3,44.8,6.9,4.7,1.6
2005-02-04,,,38.0,46.0,4.7,5.0,2.1
2005-02-14,,,39.0,44.0,4.0,5.0,2.0
2005-03-17,,,35.0,46.0,5.0,5.0,3.0
2005-03-30,,,34.5,47.7,,,
2005-04-15,,,34.0,45.0,,8.0,
2005-04-17,,,38.0,45.0,4.0,7.0,3.0
2005-05-16,,,37.0,44.0,4.0,8.0,2.0
2005-06-16,,,36.0,40.0,6.0,11.0,1.5
2005-06-18,,,38.0,40.0,5.0,8.0,2.0
2005-06-19,,,43.0,41.0,3.0,7.0,2.0
2005-07-18,,,42.0,39.0,6.0,7.0,1.0
2005-07-27,,,39.0,39.0,6.0,7.0,1.6
2005-08-01,,,38.0,38.0,6.0,10.0,1.5
2005-08-04,,,41.0,45.0,3.0,5.0,2.0
2005-08-15,,,36.5,40.0,7.5,8.0,2.5
2005-08-18,,,37.0,45.0,6.0,6.0,2.0
2005-08-25,,,40.0,43.0,7.0,5.0,2.0
2005-08-30,,,41.0,39.0,6.0,6.0,1.4
2005-09-01,,,46.0,38.0,6.0,5.0,1.0
2005-09-08,,,41.0,39.0,6.0,6.0,3.0
2005-09-13,,,37.0,38.5,7.5,6.5,3.0
2005-09-13,,,43.0,37.0,6.0,7.0,1.0
2005-09-14,,,38.7,40.5,6.9,6.8,0.9
2005-09-14,,,37.4,44.6,4.6,4.5,1.3
2005-09-14,,,44.0,38.0,5.0,6.0,1.9
2005-09-17,,,39.1,41.1,5.3,5.7,1.5
2005-09-17,,,39.1,41.1,5.3,5.7,1.5
2005-10-02,,,41.5,36.5,9.0,4.5,1.5
2005-10-16,,,40.5,39.0,7.0,5.0,1.5
2005-10-31,,,40.0,37.5,9.0,6.0,1.0
2005-11-02,,,37.0,44.0,7.0,3.5,1.5
2005-11-02,TV3–TNS,,,,,,
2005-11-20,,,44.0,40.0,7.0,4.0,1.0
2005-11-30,,,41.7,43.8,5.3,3.8,1.5
2005-12-11,,,46.0,37.0,7.0,4.0,
2006-01-23,,,40.5,39.0,8.5,4.5,1.5
2006-01-25,,,43.0,42.0,6.0,4.0,1.0
2006-02-02,TV3–TNS,,,,,,
2006-02-02,,,38.0,44.0,7.0,3.4,1.2
2006-02-19,,,45.0,42.0,6.0,4.0,1.0
2006-03-29,,,40.0,43.0,6.0,4.3,1.1
2006-03-29,TV3–TNS,,,,,,
2006-04-10,,,44.6,43.4,5.2,3.9,1.1
2006-05-10,TV3–TNS,,,,,,
2006-05-10,,,41.0,42.0,6.0,3.8,1.8
2006-05-25,,,47.0,38.0,5.0,4.0,1.1
2006-07-05,TV3–TNS,,,,,,
2006-07-05,,,39.0,46.0,6.0,3.8,0.8
2006-07-16,,,45.0,43.0,4.0,2.0,2.0
2006-08-10,,,45.0,43.0,3.0,3.0,0.9
2006-08-30,,,40.0,43.0,7.0,3.2,1.0
2006-08-30,TV3–TNS,,,,,,
2006-08-31,,,46.4,38.7,5.8,2.8,0.7
2006-08-31,Herald–DigiPoll,,,,,,
2006-09-10,,,38.0,41.0,8.5,5.5,1.5
2006-09-21,,,49.0,38.0,6.0,,
2006-09-24,Herald–DigiPoll,,,,,,
2006-09-24,,,45.7,38.0,6.8,2.8,1.4
2006-10-01,,,41.5,36.0,8.5,7.0,1.5
2006-10-15,,,40.0,40.0,8.5,5.0,2.0
2006-10-19,,,49.0,36.0,6.0,2.5,0.5
2006-10-29,,,41.0,38.5,8.0,3.0,1.5
2006-11-01,TV3–TNS,,,,,,
2006-11-01,,,40.0,42.0,7.0,2.4,1.5
2006-11-12,,,42.5,38.5,7.5,5.0,0.5
2006-11-26,,,42.5,37.5,8.0,4.5,1.5
2006-12-02,,,42.8,41.7,6.1,3.4,1.0
2006-12-02,Herald–DigiPoll,,,,,,
2006-12-12,,,44.5,37.5,9.5,4.0,0.5
2007-01-21,,,41.0,41.0,7.5,4.0,1.5
2007-02-01,,,41.0,44.0,8.0,2.8,0.8
2007-02-01,TV3–TNS,,,,,,
2007-02-05,,,41.5,39.5,8.0,4.0,1.5
2007-02-15,,,46.0,39.0,7.0,2.2,1.3
2007-02-15,One News–Colmar Brunton,,,,,,
2007-02-18,,,48.5,36.0,8.5,3.0,1.0
2007-03-04,,,45.0,36.0,8.5,2.0,2.5
2007-03-18,,,45.0,37.5,7.5,4.0,1.0
2007-03-22,One News–Colmar Brunton,,,,,,
2007-03-22,,,46.0,37.0,7.0,2.0,1.5
2007-03-28,TV3–TNS,,,,,,
2007-03-28,,,42.0,44.0,5.6,1.2,1.2
2007-04-02,,,46.0,35.5,9.5,3.5,1.0
2007-04-16,,,45.5,33.5,8.5,6.0,1.0
2007-04-19,,,49.0,39.0,6.0,2.0,1.0
2007-04-19,One News–Colmar Brunton,,,,,,
2007-05-06,,,49.5,36.0,6.0,4.5,0.5
2007-05-09,TV3–TNS,,,,,,
2007-05-09,,,48.0,36.0,8.0,2.4,0.5
2007-05-20,,,49.0,32.0,7.0,4.5,1.5
2007-05-24,Herald–DigiPoll,,,,,,
2007-05-24,One News–Colmar Brunton,,,,,,
2007-05-24,,,50.9,33.6,6.1,3.2,0.7
2007-05-24,,,56.0,31.0,6.0,2.1,0.4
2007-06-03,,,50.5,33.5,6.5,3.5,0.5
2007-06-17,,,49.5,36.0,6.5,3.0,1.5
2007-06-22,,,48.2,40.1,4.0,3.0,0.6
2007-07-01,,,48.5,34.0,8.5,2.5,1.0
2007-07-05,,,52.0,36.0,5.0,2.3,0.3
2007-07-05,One News–Colmar Brunton,,,,,,
2007-07-11,TV3–TNS,,,,,,
2007-07-11,,,48.0,36.0,6.0,2.6,1.2
2007-07-15,,,50.0,36.0,7.1,2.3,0.4
2007-07-15,,,47.0,36.0,6.5,5.0,1.5
2007-07-19,Herald–DigiPoll,,,,,,
2007-07-19,,,48.5,42.0,4.0,2.0,0.4
2007-07-29,,,49.0,35.0,6.0,4.0,0.5
2007-08-09,,,53.0,36.0,5.0,2.6,1.2
2007-08-09,One News–Colmar Brunton,,,,,,
2007-08-12,,,50.5,31.0,7.0,4.0,1.5
2007-08-15,,,49.0,35.0,7.7,2.9,0.6
2007-09-02,,,48.0,34.0,9.5,2.5,1.0
2007-09-05,,,47.0,37.0,7.0,3.2,1.5
2007-09-05,TV3–TNS,,,,,,
2007-09-13,One News–Colmar Brunton,,,,,,
2007-09-13,,,49.0,39.0,5.0,2.9,0.8
2007-09-15,,,50.0,36.0,6.0,3.0,1.0
2007-09-15,Fairfax Media Poll,,,,,,
2007-09-16,,,49.0,35.0,7.5,2.5,1.5
2007-09-19,,,51.0,34.0,6.7,2.8,0.9
2007-09-29,,,44.8,39.6,7.2,3.1,1.1
2007-09-29,Herald–DigiPoll,,,,,,
2007-09-30,,,48.5,33.0,9.5,3.0,1.0
2007-10-11,,,49.0,37.0,6.0,1.9,0.6
2007-10-11,One News–Colmar Brunton,,,,,,
2007-10-14,,,45.5,39.0,7.5,3.0,0.5
2007-10-15,,,49.0,38.0,6.9,2.6,0.8
2007-10-28,Herald–DigiPoll,,,,,,
2007-10-28,,,45.0,40.5,6.5,3.5,1.0
2007-10-28,,,51.2,38.8,5.4,1.8,0.2
2007-11-11,,,48.0,34.0,7.5,5.5,1.0
2007-11-17,Fairfax Media Poll,,,,,,
2007-11-17,,,45.0,40.0,5.0,3.0,1.0
2007-11-25,,,48.0,35.0,6.5,5.0,1.5
2007-11-26,Herald–DigiPoll,,,,,,
2007-11-26,,,51.3,38.1,3.5,2.1,0.7
2007-12-09,,,47.5,34.5,6.0,5.0,1.5
2007-12-12,TV3–TNS,,,,,,
2007-12-13,One News–Colmar Brunton,,,,,,
2007-12-13,,,51.0,36.0,4.8,2.2,0.9
2007-12-13,,,54.0,35.0,4.6,2.2,0.8
2008-01-20,,,52.0,33.5,6.5,3.5,1.0
2008-01-24,,,47.5,38.7,9.1,3.0,0.7
2008-01-24,Herald–DigiPoll,,,,,,
2008-01-30,TV3–TNS,,,,,,
2008-01-30,,,49.0,35.0,7.0,3.0,0.5
2008-02-03,,,45.5,36.5,9.0,4.0,2.0
2008-02-14,One News–Colmar Brunton,,,,,,
2008-02-14,,,53.0,34.0,6.0,1.7,0.9
2008-02-17,,,51.5,32.5,8.0,3.0,0.5
2008-02-19,Fairfax Media–Nielsen,,,,,,
2008-02-19,,,55.0,32.0,6.0,3.0,1.0
2008-02-26,TV3–TNS,,,,,,
2008-02-26,,,51.0,35.0,7.0,3.0,1.0
2008-02-28,Herald–DigiPoll,,,,,,
2008-02-28,,,54.5,36.5,4.4,2.1,0.4
2008-03-02,,,49.5,35.0,7.0,4.0,1.0
2008-03-13,,,50.0,35.0,7.0,2.5,0.9
2008-03-13,One News–Colmar Brunton,,,,,,
2008-03-16,,,51.0,34.0,6.5,3.0,1.5
2008-03-27,,,49.9,39.3,3.9,1.1,1.1
2008-03-27,Herald–DigiPoll,,,,,,
2008-04-06,,,47.0,34.5,9.0,4.0,1.5
2008-04-16,TV3–TNS,,,,,,
2008-04-16,,,48.0,38.0,5.8,3.4,0.5
2008-04-17,One News–Colmar Brunton,,,,,,
2008-04-17,,,54.0,35.0,3.7,1.5,1.1
2008-04-20,,,50.0,35.5,6.5,3.5,1.5
2008-04-22,Fairfax Media–Nielsen,,,,,,
2008-04-22,,,52.0,34.0,6.0,3.0,0.0
2008-04-26,,,52.1,37.2,5.2,1.5,0.4
2008-04-26,Herald–DigiPoll,,,,,,
2008-05-04,,,49.5,35.5,6.5,4.5,1.0
2008-05-13,Fairfax Media–Nielsen,,,,,,
2008-05-13,,,56.0,29.0,6.0,5.0,1.0
2008-05-18,,,49.0,35.0,7.5,4.0,1.0
2008-05-28,,,51.5,36.2,6.4,1.9,0.7
2008-05-28,Herald–DigiPoll,,,,,,
2008-05-29,,,50.0,35.0,5.8,3.9,1.0
2008-05-29,,,55.0,29.0,7.0,4.4,1.2
2008-05-29,One News–Colmar Brunton,,,,,,
2008-05-29,TV3–TNS,,,,,,
2008-06-01,,,50.5,32.0,7.0,4.0,1.5
2008-06-15,,,52.5,31.5,7.0,4.0,2.0
2008-06-17,,,54.0,30.0,7.0,3.0,1.0
2008-06-17,Fairfax Media–Nielsen,,,,,,
2008-06-19,,,55.0,29.0,7.0,3.2,0.8
2008-06-19,One News–Colmar Brunton,,,,,,
2008-06-25,,,54.9,32.4,5.9,3.3,0.8
2008-06-29,,,51.5,30.5,8.0,4.0,2.0
2008-07-13,,,52.0,31.0,7.5,6.5,0.5
2008-07-15,Fairfax Media–Nielsen,,,,,,
2008-07-15,,,51.0,35.0,5.0,4.0,1.0
2008-07-17,,,52.0,35.0,6.0,2.4,1.2
2008-07-17,One News–Colmar Brunton,,,,,,
2008-07-18,TV3–TNS,,,,,,
2008-07-18,,,48.0,35.0,7.0,4.0,1.0
2008-07-27,,,47.5,32.5,8.0,5.0,2.5
2008-07-29,,,55.4,30.8,5.5,4.1,0.2
2008-07-29,Herald–DigiPoll,,,,,,
2008-08-10,,,48.0,34.0,7.5,6.5,1.5
2008-08-12,,,54.0,35.0,4.0,3.0,1.0
2008-08-12,Fairfax Media–Nielsen,,,,,,
2008-08-14,,,51.0,37.0,3.5,2.6,0.6
2008-08-14,One News–Colmar Brunton,,,,,,
2008-08-20,,,48.0,37.0,6.0,3.0,2.0
2008-08-20,TV3–TNS,,,,,,
2008-08-25,,,50.0,36.3,5.1,2.1,2.3
2008-08-25,Herald–DigiPoll,,,,,,
2008-08-31,,,44.5,38.0,8.0,2.5,1.5
2008-09-11,,,53.0,35.0,5.0,1.8,2.0
2008-09-11,One News-Colmar Brunton,,,,,,
2008-09-14,,,47.5,36.5,6.5,5.0,1.5
2008-09-16,,,52.0,34.0,5.0,3.0,1.0
2008-09-16,Fairfax Media–Nielsen,,,,,,
2008-09-24,,,51.4,35.7,4.9,2.8,1.1
2008-09-24,,,49.0,36.0,5.0,3.0,2.0
2008-09-24,Herald–DigiPoll,,,,,,
2008-09-28,TV3–TNS,,,,,,
2008-10-02,,,52.0,33.0,7.0,2.0,1.5
2008-10-02,One News-Colmar Brunton,,,,,,
2008-10-05,,,40.5,37.5,9.0,4.0,3.5
2008-10-09,,,51.0,33.0,8.0,2.6,1.6
2008-10-09,One News-Colmar Brunton,,,,,,
2008-10-10,,,45.0,39.0,6.7,2.7,1.8
2008-10-10,TV3–TNS,,,,,,
2008-10-14,,,51.0,33.0,7.0,3.0,1.0
2008-10-14,Fairfax Media–Nielsen,,,,,,
2008-10-16,One News-Colmar Brunton,,,,,,
2008-10-16,,,50.0,36.0,5.0,2.1,2.1
2008-10-19,,,43.0,32.0,11.5,4.5,3.5
2008-10-22,Herald–DigiPoll,,,,,,
2008-10-22,,,50.4,37.0,5.4,2.1,1.2
2008-10-23,TV3–TNS,,,,,,
2008-10-23,One News-Colmar Brunton,,,,,,
2008-10-23,,,45.1,37.4,8.8,3.5,1.7
2008-10-23,,,47.0,35.0,8.0,3.0,2.0
2008-11-02,,,42.0,34.5,10.0,4.5,4.0
2008-11-05,,,47.9,36.4,5.8,3.9,1.8
2008-11-05,One News-Colmar Brunton,,,,,,
2008-11-05,,,47.0,35.0,9.0,2.4,2.5
2008-11-06,,,46.0,33.1,9.0,3.4,2.8
2008-11-07,,,49.0,31.0,8.0,3.0,4.0
2008-11-08,,,44.93,33.99,6.72,4.07,3.65
2008-11-08,,,44.93,33.99,6.72,4.07,3.65
2008-11-30,,,44.0,32.5,9.5,3.5,4.0
2008-12-14,,,47.0,31.5,9.5,3.0,4.0
2009-01-18,,,48.0,33.0,8.0,2.5,3.0
2009-02-01,,,48.0,31.0,9.0,3.0,3.5
2009-02-15,,,48.5,32.0,8.5,1.5,2.5
2009-02-18,,,60.0,27.0,7.0,1.6,1.2
2009-02-19,,,57.0,31.0,7.0,1.0,2.0
2009-02-19,Colmar Brunton,,,,,,
2009-03-01,,,56.0,26.0,8.5,2.5,1.5
2009-03-15,,,54.5,29.0,8.0,2.0,2.5
2009-04-01,Colmar Brunton,,,,,,
2009-04-01,,,56.0,28.0,6.0,1.0,3.0
2009-04-05,TV ONE Colmar Brunton,,,,,,
2009-04-05,,,50.5,28.0,9.5,2.5,4.0
2009-04-05,,,57.0,31.0,7.0,,2.0
2009-04-19,,,50.0,32.5,8.5,2.0,2.5
2009-05-03,,,55.0,30.5,7.0,2.0,2.0
2009-05-17,,,52.0,31.5,9.5,1.0,2.0
2009-05-31,,,52.0,31.0,8.5,1.0,2.0
2009-06-14,,,52.0,33.0,7.5,1.0,2.5
2009-07-05,,,54.0,31.5,8.0,1.0,1.0
2009-07-19,,,52.0,30.0,10.0,2.0,1.0
2009-07-29,Colmar Brunton,,,,,,
2009-07-29,,,56.0,31.0,7.0,,1.0
2009-08-02,,,53.5,34.0,7.0,1.0,2.5
2009-08-16,,,53.5,32.5,8.5,2.0,1.0
2009-08-30,,,56.5,29.5,8.0,1.5,1.5
2009-09-13,,,51.5,33.0,7.5,2.5,2.0
2009-09-24,,,54.0,33.0,4.0,2.0,3.0
2009-10-04,,,57.5,28.0,6.5,2.0,1.5
2009-10-18,,,53.0,30.0,7.5,2.5,2.5
2009-10-18,3 News-Reid Research,,,,,,
2009-10-18,,,59.9,27.2,6.9,1.0,1.7
2009-11-01,,,55.5,29.0,7.5,1.5,1.0
2009-11-15,,,51.5,33.0,6.5,2.5,2.5
2009-11-25,,,53.0,31.0,7.0,1.0,2.0
2009-11-25,ONE News Colmar Brunton,,,,,,
2009-11-29,,,53.5,30.5,7.0,2.5,1.5
2009-12-13,,,54.0,27.5,9.5,4.0,1.5
2009-12-13,3 News-Reid Research,,,,,,
2009-12-13,,,55.2,30.8,7.8,1.5,1.8
2010-01-17,,,53.0,30.0,8.0,2.5,2.0
2010-01-31,,,52.0,32.0,6.0,3.5,2.0
2010-02-10,Herald Digipoll,,,,,,
2010-02-10,,,56.0,34.0,4.6,1.7,1.0
2010-02-14,,,52.0,33.0,8.0,2.0,1.5
2010-02-16,,,56.3,29.6,7.3,1.5,1.6
2010-02-17,,,54.0,34.0,5.0,2.0,2.0
2010-02-28,,,53.5,31.5,8.0,2.0,1.5
2010-03-14,,,51.5,33.5,6.5,2.0,2.5
2010-04-04,,,49.0,33.0,7.5,3.0,2.0
2010-04-14,ONE News Colmar Brunton,,,,,,
2010-04-14,,,54.0,33.0,5.0,,2.0
2010-04-18,,,49.5,34.0,7.5,2.5,1.0
2010-04-25,,,52.1,33.8,8.2,1.5,1.6
2010-05-01,ONE News Colmar Brunton,,,,,,
2010-05-16,,,48.5,33.5,9.0,3.0,2.5
2010-05-30,,,52.5,30.0,9.5,2.5,1.0
2010-05-30,,,49.0,33.0,7.0,,1.6
2010-06-13,,,50.5,33.0,9.5,1.5,1.0
2010-07-04,,,53.0,29.0,8.5,3.0,2.0
2010-07-18,,,49.0,31.5,9.0,4.5,2.0
2010-08-01,,,51.0,33.5,6.5,2.0,2.0
2010-08-08,3 News-Reid Research,,,,,,
2010-08-08,,,49.0,35.0,7.0,2.3,2.7
2010-08-08,,,54.5,30.6,8.5,1.5,2.2
2010-08-08,ONE News Colmar Brunton,,,,,,
2010-08-15,,,50.0,33.5,7.5,3.5,1.5
2010-08-29,,,49.5,32.5,8.5,3.5,1.0
2010-09-12,,,48.5,34.0,8.0,4.5,2.0
2010-09-26,ONE News Colmar Brunton,,,,,,
2010-09-26,,,54.0,32.0,8.0,2.4,1.1
2010-10-03,,,49.5,36.5,8.0,2.5,0.5
2010-10-11,,,53.8,32.6,7.6,1.2,0.9
2010-10-17,,,52.5,33.0,8.5,2.5,0.5
2010-10-31,,,50.5,33.0,8.5,2.5,1.5
2010-11-14,,,50.0,32.5,9.0,3.0,1.0
2010-11-28,,,51.0,33.0,7.0,3.0,1.0
2010-12-12,,,48.5,35.0,7.0,3.0,1.5
2010-12-13,,,55.5,31.2,7.3,1.9,1.3
2010-12-19,One News-Colmar Brunton,,,,,,
2010-12-19,,,55.0,33.0,4.5,3.1,0.9
2010-12-30,,,52.4,37.2,5.3,2.5,0.9
2011-01-16,,,55.0,29.0,7.0,4.5,1.5
2011-01-30,,,49.0,34.5,6.5,5.5,1.0
2011-02-13,,,52.5,33.5,8.5,2.5,0.5
2011-02-20,,,54.6,30.9,8.2,3.3,0.6
2011-02-20,,,51.0,33.0,8.0,3.6,1.3
2011-02-20,ONE News Colmar Brunton,,,,,,
2011-02-20,3 News-Reid Research,,,,,,
2011-02-27,,,49.0,35.0,8.0,3.0,1.5
2011-03-13,,,52.5,32.5,8.0,4.0,0.5
2011-04-03,,,51.0,31.5,8.0,5.0,2.0
2011-04-10,,,54.0,34.0,6.0,2.7,1.1
2011-04-10,One News-Colmar Brunton,,,,,,
2011-04-17,,,57.5,27.1,7.7,2.8,1.7
2011-04-17,3 News-Reid Research,,,,,,
2011-04-17,,,51.0,32.0,8.0,3.0,1.0
2011-05-01,,,52.5,31.0,7.5,4.5,1.0
2011-05-15,,,53.0,28.0,10.0,3.0,2.0
2011-05-25,,,54.4,33.7,5.5,2.7,1.7
2011-05-27,Herald Digipoll,,,,,,
2011-05-29,3 News-Reid Research,,,,,,
2011-05-29,One News-Colmar Brunton,,,,,,
2011-05-29,,,49.0,36.0,6.5,2.5,1.5
2011-05-29,,,52.0,34.0,6.0,1.6,2.5
2011-05-29,,,53.0,32.8,6.5,2.4,2.2
2011-06-12,,,53.0,30.0,7.0,2.5,3.0
2011-06-26,,,54.0,30.5,5.5,3.5,2.5
2011-06-27,,,51.2,36.1,6.6,1.2,1.9
2011-07-10,,,49.0,33.5,7.5,3.0,3.0
2011-07-10,,,55.1,29.9,9.1,2.2,1.7
2011-07-17,,,53.0,27.0,10.0,2.4,3.1
2011-07-17,One News-Colmar Brunton,,,,,,
2011-07-24,,,52.0,31.5,7.5,2.5,2.0
2011-07-25,,,56.0,29.0,6.4,2.0,2.2
2011-07-30,Herald Digipoll,,,,,,
2011-07-30,,,52.3,33.1,8.3,0.9,1.4
2011-08-07,,,51.5,32.0,7.0,4.0,2.0
2011-08-21,One News-Colmar Brunton,,,,,,
2011-08-21,,,56.0,30.0,6.0,2.3,1.7
2011-08-21,,,54.0,28.8,9.3,2.2,2.2
2011-08-26,,,52.0,31.5,9.8,2.4,1.2
2011-08-28,,,52.0,29.5,9.0,3.5,2.0
2011-08-29,,,57.1,25.7,11.0,2.2,1.1
2011-09-11,,,57.0,26.0,7.5,3.5,1.5
2011-09-25,,,51.0,30.5,11.5,1.0,1.5
2011-09-28,,,54.0,28.0,10.0,2.3,1.5
2011-10-02,,,57.4,26.6,9.8,1.9,1.6
2011-10-02,,,56.0,29.0,9.0,1.9,1.3
2011-10-09,,,55.5,28.0,9.5,2.0,1.5
2011-10-23,,,53.5,29.5,9.5,2.5,1.0
2011-10-27,,,53.5,30.3,9.5,2.8,1.5
2011-10-29,Herald Digipoll,,,,,,
2011-10-30,,,52.3,30.2,9.4,2.4,1.5
2011-10-31,,,52.6,31.3,9.7,1.5,1.2
2011-11-02,,,54.2,29.1,10.1,1.7,0.9
2011-11-03,,,56.0,30.0,9.0,2.2,0.9
2011-11-03,One News-Colmar Brunton,,,,,,
2011-11-06,,,53.0,26.0,12.0,4.5,1.0
2011-11-07,,,52.5,25.9,12.6,2.8,1.0
2011-11-09,,,49.5,28.7,12.6,3.7,1.5
2011-11-10,,,54.0,28.0,9.0,2.9,1.5
2011-11-13,,,53.3,29.9,10.2,2.4,0.7
2011-11-16,,,49.9,29.1,12.6,4.9,1.7
2011-11-17,,,51.0,26.0,13.0,2.2,1.6
2011-11-17,,,50.2,27.4,13.0,3.5,1.8
2011-11-18,,,53.0,24.5,13.0,3.0,1.5
2011-11-21,,,54.0,26.0,12.0,4.0,0.7
2011-11-21,Fairfax Media-Research International,,,,,,
2011-11-23,,,50.9,28.0,11.8,5.2,1.8
2011-11-24,,,49.5,23.5,14.5,6.5,1.5
2011-11-24,,,50.8,26.0,13.4,3.1,1.0
2011-11-24,,,50.0,28.0,10.0,4.2,1.7
2011-11-26,,,47.31,27.48,11.06,6.59,1.07
2011-11-26,,,47.31,27.48,11.06,6.59,1.07
2012-01-15,,,47.0,27.5,14.5,5.0,0.5
2012-01-29,,,46.0,30.5,13.0,5.5,0.5
2012-02-12,,,45.5,31.0,11.5,6.0,1.0
2012-02-19,3 News Reid Research,,,,,,
2012-02-19,,,46.5,29.4,13.3,5.0,0.2
2012-02-26,,,45.5,31.5,13.0,5.0,0.5
2012-03-11,,,48.5,30.0,12.5,5.0,0.5
2012-03-28,One News Colmar Brunton,,,,,,
2012-03-28,,,51.0,29.0,11.0,3.1,0.5
2012-04-01,,,44.0,30.5,17.0,5.0,0.5
2012-04-15,,,49.5,26.5,12.5,6.5,
2012-04-22,,,49.8,29.4,14.1,2.3,0.2
2012-04-22,3 News Reid Research,,,,,,
2012-04-29,Herald-Digipoll,,,,,,
2012-04-29,,,48.1,34.8,9.2,4.9,0.0
2012-04-29,,,47.0,28.5,15.0,5.0,0.5
2012-05-13,,,44.5,30.0,15.0,5.5,
2012-05-27,,,44.0,30.5,13.5,5.0,1.0
2012-06-04,One News Colmar Brunton,,,,,,
2012-06-07,,,46.0,31.0,12.5,5.5,
2012-06-10,,,45.8,33.2,14.4,2.8,0.5
2012-06-10,3 News Reid Research,,,,,,
2012-06-24,,,47.5,32.0,12.0,4.0,0.5
2012-06-25,Herald-Digipoll,,,,,,
2012-06-25,,,47.5,34.0,9.1,4.4,0.5
2012-06-30,,,47.0,33.0,13.0,2.2,0.7
2012-07-08,,,45.5,32.5,13.0,4.5,0.5
2012-07-22,,,47.5,30.0,11.0,5.5,1.0
2012-07-23,,,44.9,32.6,11.9,3.6,0.6
2012-08-01,,,48.0,32.0,12.0,2.5,0.5
2012-08-05,,,44.0,32.0,14.0,4.0,0.5
2012-08-05,,,50.6,30.8,11.2,3.0,0.1
2012-08-05,One News Colmar Brunton,,,,,,
2012-08-05,3 News Reid Research,,,,,,
2012-08-26,,,44.5,32.0,14.5,5.0,1.0
2012-08-31,,,47.9,32.0,10.7,5.5,0.2
2012-08-31,Herald-Digipoll,,,,,,
2012-09-09,,,46.5,31.0,12.5,4.5,0.5
2012-09-19,,,45.0,34.0,12.0,1.8,0.9
2012-09-23,,,43.5,33.0,11.5,5.0,0.5
2012-09-23,One News Colmar Brunton,,,,,,
2012-10-07,,,41.5,33.5,13.5,6.5,0.5
2012-10-14,3 News Reid Research,,,,,,
2012-10-14,,,48.8,33.0,10.6,3.2,0.1
2012-10-24,,,43.5,29.0,13.0,7.5,0.5
2012-10-31,,,45.0,32.0,12.0,4.9,0.6
2012-11-04,One News Colmar Brunton,,,,,,
2012-11-11,,,45.5,32.5,10.5,5.0,0.5
2012-11-25,,,45.0,31.5,13.5,6.5,0.5
2012-11-28,,,44.0,35.0,13.0,3.6,0.6
2012-12-02,3 News Reid Research,,,,,,
2012-12-02,One News Colmar Brunton,,,,,,
2012-12-02,,,47.0,34.6,12.9,2.0,0.2
2012-12-03,,,46.2,34.4,10.5,3.8,0.0
2012-12-09,,,45.5,33.5,11.0,5.0,1.0
2013-01-14,,,46.0,31.5,12.0,5.0,0.5
2013-01-27,,,46.0,31.5,13.5,5.5,0.5
2013-02-10,,,44.0,34.5,13.5,4.0,0.5
2013-02-13,,,49.0,33.0,11.0,3.9,0.1
2013-02-13,One News Colmar Brunton,,,,,,
2013-02-14,,,44.9,36.3,10.7,2.8,0.4
2013-02-24,,,51.4,32.6,10.8,3.4,0.1
2013-02-24,,,47.5,30.5,12.5,3.0,0.5
2013-03-10,,,43.5,32.5,13.5,5.0,0.5
2013-03-17,,,48.5,36.4,9.0,2.5,0.1
2013-03-21,Herald-Digipoll,,,,,,
2013-03-24,,,44.0,34.5,13.0,3.0,0.5
2013-04-14,,,40.5,35.5,13.5,5.0,0.5
2013-04-18,,,49.4,30.2,11.5,3.8,0.5
2013-04-18,,,43.0,36.0,13.0,3.0,0.1
2013-04-28,,,46.5,31.5,11.0,4.5,0.5
2013-05-12,,,44.0,32.0,12.0,5.0,1.5
2013-05-22,,,49.0,33.0,9.0,3.6,0.3
2013-05-23,,,47.1,33.1,12.0,2.2,0.2
2013-05-23,,,49.1,31.9,11.2,3.2,0.1
2013-05-26,,,41.0,35.0,12.0,4.5,0.5
2013-06-16,,,44.0,33.0,11.5,6.0,0.5
2013-06-23,Herald-DigiPoll,,,,,,
2013-06-23,,,48.8,30.9,10.5,5.1,0.2
2013-06-30,,,46.5,31.5,13.0,3.5,
2013-07-14,,,47.0,31.0,11.5,4.5,0.5
2013-07-14,,,49.5,31.0,12.0,3.9,0.2
2013-07-14,3 News Reid Research,,,,,,
2013-07-28,,,51.0,29.0,10.0,4.0,1.0
2013-07-31,One News Colmar Brunton,,,,,,
2013-07-31,,,46.0,33.0,14.0,3.3,0.7
2013-08-11,,,44.0,34.0,14.0,3.0,0.5
2013-08-15,,,48.3,31.6,12.3,2.8,0.2
2013-08-25,,,44.0,31.5,14.0,5.5,0.5
2013-09-08,,,41.0,32.5,15.0,6.5,1.0
2013-09-18,,,47.0,34.0,12.0,3.6,0.2
2013-09-22,One News Colmar Brunton,,,,,,
2013-09-23,Herald-DigiPoll,,,,,,
2013-09-23,,,43.7,37.7,11.3,4.4,0.1
2013-09-29,,,42.0,37.0,11.5,4.5,0.5
2013-10-13,,,41.5,37.0,12.5,5.0,0.5
2013-10-23,,,50.2,33.6,10.7,2.3,0.1
2013-10-23,,,45.0,34.0,13.0,3.9,0.5
2013-10-23,One News Colmar Brunton,,,,,,
2013-10-27,,,42.0,35.5,11.0,4.5,1.0
2013-11-07,,,46.3,32.2,10.4,4.2,0.8
2013-11-10,,,45.5,32.0,12.5,5.0,
2013-11-24,,,44.5,34.0,11.0,3.5,0.5
2013-12-08,,,45.0,30.5,14.5,5.0,
2013-12-09,Herald on Sunday/Key Research,,,,,,
2013-12-17,,,46.8,35.4,10.8,3.9,0.0
2013-12-17,Herald-DigiPoll,,,,,,
2014-01-19,,,43.5,33.5,12.5,4.0,
2014-01-29,3 News Reid Research,,,,,,
2014-02-02,,,44.5,33.5,12.4,5.7,0.0
2014-02-02,,,47.0,33.0,11.0,4.5,
2014-02-10,Fairfax Media-Ipsos,,,,,,
2014-02-10,,,49.4,31.8,10.0,3.6,0.5
2014-02-16,,,48.0,30.0,12.0,5.5,1.0
2014-02-19,,,51.0,34.0,8.0,3.1,0.4
2014-02-19,One News Colmar Brunton,,,,,,
2014-03-02,,,48.5,30.5,10.5,4.5,1.0
2014-03-16,Herald-DigiPoll,,,,,,
2014-03-16,,,45.5,31.5,14.0,3.5,0.5
2014-03-16,,,50.8,29.5,13.1,3.6,0.8
2014-03-26,,,47.0,31.0,11.0,7.0,0.3
2014-03-26,One News Colmar Brunton,,,,,,
2014-03-26,3 News Reid Research,,,,,,
2014-03-30,,,43.0,32.0,13.0,5.5,0.5
2014-03-30,,,45.9,31.2,11.2,4.9,1.1
2014-04-14,,,48.5,28.5,11.5,5.5,0.5
2014-05-04,,,42.5,31.0,14.5,6.0,0.5
2014-05-12,,,47.6,29.5,12.7,3.7,0.9
2014-05-12,Fairfax Media-Ipsos,,,,,,
2014-05-18,,,45.5,30.5,13.5,6.0,0.5
2014-05-21,3 News Reid Research,,,,,,
2014-05-21,One News Colmar Brunton,,,,,,
2014-05-21,,,51.0,30.0,11.0,4.8,1.0
2014-05-25,,,50.3,29.5,10.2,5.6,0.5
2014-06-01,,,52.3,29.0,9.0,4.5,1.0
2014-06-15,,,49.5,28.0,12.0,4.0,0.5
2014-06-16,,,50.4,30.5,10.7,3.6,0.7
2014-06-16,Herald-DigiPoll,,,,,,
2014-06-17,Fairfax Media-Ipsos,,,,,,
2014-06-17,,,55.6,23.2,11.9,3.2,0.7
2014-06-25,,,50.0,29.0,12.0,3.8,0.7
2014-06-25,,,49.7,27.3,12.7,3.6,0.4
2014-06-29,,,48.0,28.0,12.0,5.5,1.0
2014-07-13,,,51.0,23.5,15.0,6.0,0.5
2014-07-16,,,49.4,26.7,12.4,4.3,0.1
2014-07-17,Fairfax Media-Ipsos,,,,,,
2014-07-17,,,54.8,24.9,12.4,2.6,0.1
2014-07-17,,,54.9,26.5,9.9,4.6,0.0
2014-07-23,,,52.0,28.0,10.0,4.4,0.8
2014-07-27,,,46.0,30.0,12.0,5.0,0.5
2014-08-13,,,50.0,26.0,11.0,5.0,0.6
2014-08-13,,,55.1,22.5,11.3,3.4,0.2
2014-08-13,,,47.5,29.0,13.0,4.6,0.3
2014-08-17,,,48.0,27.5,11.5,6.5,0.5
2014-08-20,,,50.0,25.2,13.7,4.3,0.6
2014-08-25,,,45.0,26.4,13.5,6.3,0.3
2014-08-27,,,50.8,26.1,11.8,4.0,0.7
2014-08-27,,,48.0,28.0,12.0,6.0,0.4
2014-08-27,Herald-DigiPoll,,,,,,
2014-08-27,,,50.7,24.1,11.4,5.0,0.3
2014-08-31,,,45.0,26.0,16.0,6.0,1.0
2014-09-01,,,46.4,25.9,12.6,5.8,0.6
2014-09-03,,,50.1,23.8,11.4,6.0,0.4
2014-09-03,,,54.2,24.3,12.9,3.6,0.2
2014-09-03,,,50.0,26.0,11.0,7.0,0.1
2014-09-08,,,46.7,26.1,13.0,5.9,0.3
2014-09-10,,,52.8,22.4,13.0,4.4,0.7
2014-09-10,,,46.0,25.0,14.0,7.0,1.2
2014-09-10,Herald-DigiPoll,,,,,,
2014-09-10,,,48.6,24.6,11.5,8.1,0.3
2014-09-14,,,46.5,24.0,13.5,8.0,0.5
2014-09-15,,,44.5,25.6,14.4,7.1,0.1
2014-09-17,,,48.2,25.9,11.1,8.4,0.5
2014-09-17,,,45.0,25.0,12.0,8.0,0.6
2014-09-17,,,47.7,26.1,12.0,6.6,0.3
2014-09-20,,,47.04,25.13,10.7,8.66,0.69
2014-09-20,,,47.04,25.13,10.7,8.66,0.69
2014-10-12,,,43.5,22.5,17.5,7.0,0.5
2014-11-09,,,49.5,24.0,14.5,6.5,0.5
2014-12-07,,,46.0,27.0,12.0,7.0,1.5
2014-12-21,Herald-DigiPoll,,,,,,
2014-12-21,,,50.4,28.9,9.5,5.6,0.4
2015-01-18,,,52.0,26.0,11.0,6.0,1.0
2015-01-28,3 News-Reid Research,,,,,,
2015-01-28,,,49.8,29.1,9.3,6.9,0.4
2015-02-15,,,49.0,30.0,12.0,6.0,0.0
2015-02-18,,,49.0,31.0,10.0,6.0,0.3
2015-02-18,One News-Colmar Brunton,,,,,,
2015-03-15,,,46.5,31.0,11.0,6.0,1.0
2015-04-15,,,49.0,31.0,9.0,7.0,0.5
2015-04-19,,,45.5,27.5,13.5,8.0,1.0
2015-04-26,,,51.0,28.7,10.8,6.1,0.8
2015-04-26,Herald-DigiPoll,,,,,,
2015-05-17,,,54.0,25.5,10.5,6.0,1.0
2015-05-27,3 News Reid Research,,,,,,
2015-05-27,,,48.0,31.0,10.0,7.0,0.1
2015-05-27,,,46.4,30.4,11.1,8.1,0.5
2015-06-21,,,49.5,26.0,13.0,6.5,1.0
2015-07-12,,,43.0,32.0,13.0,7.0,0.5
2015-07-15,,,47.0,32.0,13.0,7.0,0.4
2015-07-22,,,47.0,31.1,11.4,8.4,0.5
2015-07-22,3 News Reid Research,,,,,,
2015-08-16,,,50.5,27.0,11.0,8.0,0.5
2015-08-24,,,50.8,31.0,9.2,6.9,0.2
2015-08-24,Herald-DigiPoll,,,,,,
2015-09-02,,,47.0,32.0,12.0,7.0,0.1
2015-09-13,,,44.5,31.0,15.0,5.5,0.5
2015-09-16,,,47.3,33.0,10.0,7.9,0.6
2015-09-16,3 News Reid Research,,,,,,
2015-10-11,,,50.0,29.0,11.5,6.5,0.5
2015-10-14,,,47.0,31.0,12.0,9.0,0.2
2015-11-08,,,49.0,29.5,12.0,6.0,0.5
2015-11-17,3 News Reid Research,,,,,,
2015-11-17,,,46.7,32.3,10.2,7.5,0.8
2015-12-06,,,49.0,28.5,13.0,6.0,0.5
2015-12-14,Herald-DigiPoll,,,,,,
2015-12-14,,,51.3,31.1,8.2,5.7,0.8
2016-01-17,,,47.0,27.5,14.0,6.5,0.5
2016-02-14,,,48.0,27.0,14.5,6.0,0.5
2016-02-17,,,47.0,32.0,8.0,10.0,0.3
2016-03-13,,,46.0,28.0,14.0,9.0,1.0
2016-04-06,,,50.0,28.0,10.0,9.0,0.7
2016-04-06,One News Colmar Brunton,,,,,,
2016-04-17,,,42.5,26.0,14.5,12.5,1.5
2016-05-15,,,45.5,29.5,12.0,9.5,1.0
2016-05-22,,,47.0,31.3,11.1,7.8,0.4
2016-05-22,Newshub Reid Research,,,,,,
2016-06-02,,,48.0,29.0,12.0,9.0,0.3
2016-06-02,One News Colmar Brunton,,,,,,
2016-06-12,,,43.5,28.0,14.5,9.0,0.5
2016-07-17,,,53.0,25.5,11.5,7.0,1.0
2016-08-03,,,45.1,32.7,11.5,8.1,0.2
2016-08-03,Newshub Reid Research,,,,,,
2016-08-21,,,46.0,25.5,14.5,9.5,1.0
2016-09-07,One News Colmar Brunton,,,,,,
2016-09-07,,,48.0,26.0,13.0,11.0,
2016-09-18,,,41.5,33.5,12.0,8.5,1.0
2016-10-23,,,48.0,26.5,11.5,10.0,0.5
2016-11-20,,,49.5,23.0,14.5,8.0,1.0
2016-11-23,One News Colmar Brunton,,,,,,
2016-11-23,,,50.0,28.0,11.0,10.0,
2016-12-11,,,45.0,28.5,14.5,7.5,0.5
2017-01-16,,,46.0,27.0,12.5,9.0,0.5
2017-02-12,,,48.0,26.0,13.0,8.0,1.0
2017-02-15,,,46.0,30.0,11.0,11.0,0.8
2017-02-15,One News Colmar Brunton,,,,,,
2017-03-12,,,43.5,29.5,14.5,7.5,0.5
2017-03-19,Newshub Reid Research,,,,,,
2017-03-19,,,47.1,30.8,11.2,7.6,0.4
2017-03-22,One News Colmar Brunton,,,,,,
2017-03-22,,,46.0,30.0,11.0,8.0,0.4
2017-04-16,,,43.0,29.5,13.0,10.5,1.5
2017-05-14,,,43.0,28.5,14.0,10.0,0.5
2017-05-24,,,43.75,23.75,16.25,10.0,1.25
2017-05-24,Listener: Bauer Media Insights,,,,,,
2017-05-31,,,49.0,30.0,9.0,9.0,0.5
2017-05-31,One News Colmar Brunton,,,,,,
2017-06-11,,,46.5,25.5,14.0,9.0,1.0
2017-06-12,,,47.4,26.4,12.5,9.4,0.9
2017-06-12,Newshub Reid Research,,,,,,
2017-07-05,,,47.0,27.0,11.0,11.0,0.3
2017-07-05,One News Colmar Brunton,,,,,,
2017-07-09,,,43.0,30.5,13.5,8.0,1.0
2017-07-27,,,47.0,24.0,15.0,11.0,0.3
2017-07-27,One News Colmar Brunton,,,,,,
2017-07-28,,,45.2,24.1,13.0,13.0,0.5
2017-07-28,Newshub Reid Research,,,,,,
2017-08-02,,,45.42,26.79,13.98,9.32,1.17
2017-08-08,Newshub Reid Research,,,,,,
2017-08-08,,,44.4,33.1,8.3,9.2,0.6
2017-08-13,,,42.5,32.5,9.0,11.5,0.5
2017-08-16,,,44.0,37.0,4.3,10.0,0.4
2017-08-16,One News Colmar Brunton,,,,,,
2017-08-30,Newshub Reid Research,,,,,,
2017-08-30,One News Colmar Brunton,,,,,,
2017-08-30,,,43.3,39.4,6.1,6.6,0.6
2017-08-30,,,41.0,43.0,5.0,8.0,0.3
2017-09-05,Listener: Bauer Media Insights,,,,,,
2017-09-05,,,38.9,41.1,6.7,8.9,1.1
2017-09-06,,,39.0,43.0,5.0,9.0,0.1
2017-09-06,,,30.0,45.0,6.0,11.0,1.0
2017-09-06,One News Colmar Brunton,,,,,,
2017-09-06,Newsroom: SSI,,,,,,
2017-09-10,,,40.0,39.5,9.0,6.0,0.5
2017-09-11,Newshub Reid Research,,,,,,
2017-09-11,,,47.3,37.8,4.9,6.0,0.6
2017-09-13,One News Colmar Brunton,,,,,,
2017-09-13,,,40.0,44.0,7.0,6.0,0.6
2017-09-19,,,46.0,37.0,8.0,4.9,0.3
2017-09-19,One News Colmar Brunton,,,,,,
2017-09-20,,,45.8,37.3,7.1,7.1,0.6
2017-09-20,Newshub Reid Research,,,,,,
2017-09-23,,,44.4,36.9,6.3,7.2,0.5
2017-09-23,,,44.4,36.9,6.3,7.2,0.5
2017-10-15,,894,46.0,31.0,11.0,6.5,0.5
2017-11-12,,887,40.5,39.5,10.0,5.0,0.5
2017-12-05,,1007,46.0,39.0,7.0,5.0,0.1
2017-12-10,,,40.5,37.0,10.0,8.0,0.5
2018-01-28,,1000,39.0,42.5,9.0,6.0,0.5
2018-01-28,,1000,44.5,42.3,6.0,3.8,0.2
2018-02-14,,1007,43.0,48.0,5.0,2.6,0.5
2018-04-11,,1007,44.0,43.0,6.0,5.0,0.3
2018-05-23,,1007,45.0,43.0,5.0,4.2,0.7
2018-05-24,,1000,45.1,42.6,5.7,2.4,0.2
2018-08-01,,1007,45.0,42.0,6.0,5.0,1.1
2018-10-19,,1006,43.0,45.0,7.0,5.0,0.3
2018-11-28,,1008,46.0,43.0,5.0,4.0,0.6
2019-02-02,,1000,41.6,47.5,5.1,2.9,0.4
2019-02-13,,1006,42.0,45.0,6.0,3.0,0.9
2019-03-23,,1000,41.3,49.6,3.9,2.3,
2019-04-10,,1009,40.0,48.0,6.0,4.3,0.7
2019-06-07,,1000,37.4,50.8,6.2,2.8,0.8
2019-06-08,,1002,44.0,42.0,6.0,5.0,0.7
2019-07-24,,1003,45.0,43.0,6.0,3.3,1.0
2019-10-09,,1000,43.9,41.6,6.3,4.0,1.4
2019-10-09,,1008,47.0,40.0,7.0,4.2,0.9
2019-11-11,,1005,38.0,41.0,8.0,8.0,2.0
2019-11-27,,1006,46.0,39.0,7.0,4.3,1.6
2020-01-01,,,40.0,40.0,10.5,2.5,3.0
2020-02-01,,1000,43.3,42.5,5.6,3.6,1.8
2020-02-01,,,37.0,40.5,10.5,5.0,3.5
2020-02-12,,1004,46.0,41.0,5.0,3.3,1.7
2020-03-01,,,37.0,42.5,11.5,3.0,3.5
2020-04-01,,,30.5,55.0,7.0,2.5,2.5
2020-05-16,,1000,30.6,56.5,5.5,2.7,1.8
2020-05-20,,1003,29.0,59.0,4.7,2.9,2.2
2020-05-24,,894,26.5,56.5,7.0,2.5,3.5
2020-06-01,,879,27.0,54.5,9.0,1.5,5.0
2020-06-24,,1007,38.0,50.0,6.0,1.8,3.1
2020-07-01,,899,26.5,53.5,8.0,1.5,6.5
2020-07-24,,1000,25.1,60.9,5.7,2.0,3.3
2020-07-29,,1004,32.0,53.0,5.0,2.0,4.8
2020-08-01,,897,28.5,48.0,11.5,2.5,6.0
2020-09-01,,911,28.5,47.5,9.5,2.5,7.0
2020-09-21,,1008,31.0,48.0,6.0,2.4,7.0
2020-09-23,,1000,29.6,50.1,6.5,1.9,6.3
2020-09-27,,1005,33.0,47.0,7.0,1.4,8.0
2020-10-07,,1007,32.0,47.0,6.0,2.4,8.0
2020-10-14,,1005,31.0,46.0,8.0,2.6,8.0
2020-10-15,,1000,31.1,45.8,6.3,3.5,7.4
2020-10-17,,,25.6,50.0,7.9,2.6,7.6
2020-10-17,,,25.6,50.0,7.9,2.6,7.6
2020-11-22,,939,25.5,44.0,12.5,1.0,10.5
2020-12-02,,1004,25.0,53.0,8.0,1.6,8.0
2020-12-02,1 News–Kantar Public,,,,,,
2020-12-13,,923,28.0,44.0,10.5,2.0,10.0
2021-01-24,,937,25.0,47.0,11.5,2.0,9.0
2021-02-21,,924,29.0,45.0,13.5,1.5,7.5
2021-03-13,,1006,27.0,49.0,9.0,1.8,8.0
2021-03-13,1 News–Kantar Public,,,,,,
2021-03-28,,924,23.0,45.5,12.0,2.5,11.0
2021-04-25,,933,29.5,41.5,13.5,1.0,9.0
2021-05-13,,1000,27.0,52.7,7.1,1.9,6.9
2021-05-13,Newshub–Reid Research,,,,,,
2021-05-23,,932,28.5,45.0,11.0,2.0,9.0
2021-05-26,1 News–Kantar Public,,,,,,
2021-05-26,,1002,29.0,46.0,8.0,1.2,9.0
2021-06-27,,927,29.5,38.5,12.5,1.5,11.5
2021-07-01,Talbot Mills,,,,,,
2021-07-01,,1199,24.0,48.0,8.0,5.0,11.0
2021-07-25,,945,29.0,39.5,10.0,2.0,13.0
2021-07-29,,1000,28.7,43.0,8.5,3.4,11.1
2021-07-29,Newshub–Reid Research,,,,,,
2021-08-01,,1216,28.0,43.0,7.0,4.4,13.0
2021-08-01,Talbot Mills,,,,,,
2021-08-22,,940,25.0,39.5,12.0,2.5,13.0
2021-09-06,,1050,26.0,45.0,6.0,4.1,13.0
2021-09-06,Talbot Mills,,,,,,
2021-09-09,Taxpayers' Union–Curia,,,,,,
2021-09-09,,1000,21.3,45.8,9.6,2.7,14.9
2021-09-26,,940,23.0,45.5,9.5,1.5,16.0
2021-09-26,,1001,26.0,43.0,8.0,2.5,14.0
2021-09-26,1 News–Kantar Public,,,,,,
2021-10-05,,1200,22.0,46.0,7.0,3.8,16.0
2021-10-05,Talbot Mills,,,,,,
2021-10-11,,1000,22.5,44.8,6.4,3.6,16.6
2021-10-11,Taxpayers' Union–Curia,,,,,,
2021-10-24,,929,26.0,39.5,10.5,2.5,16.0
2021-11-03,,1023,24.0,41.0,9.0,4.2,17.0
2021-11-03,Talbot Mills,,,,,,
2021-11-08,Taxpayers' Union–Curia,,,,,,
2021-11-08,,1000,26.2,39.3,8.6,1.7,15.9
2021-11-10,,1001,28.0,41.0,9.0,3.3,14.0
2021-11-10,1 News–Kantar Public,,,,,,
2021-11-17,Newshub–Reid Research,,,,,,
2021-11-17,,1000,26.9,42.7,7.2,2.5,16.0
2021-11-21,,951,26.5,36.0,10.5,2.5,17.5
2021-12-08,,1000,32.6,39.5,10.9,2.3,10.6
2021-12-08,Taxpayers' Union–Curia,,,,,,
2021-12-19,,967,31.5,35.5,8.5,2.0,18.5
2022-01-17,Taxpayers' Union–Curia,,,,,,
2022-01-17,,1000,33.0,41.2,10.7,0.9,11.5
2022-01-26,,1000,32.0,40.0,9.0,1.8,11.0
2022-01-26,1 News–Kantar Public,,,,,,
2022-01-30,,951,35.0,33.0,10.5,2.5,13.5
2022-02-04,,1000,31.3,44.3,9.6,1.8,8.0
2022-02-04,Newshub–Reid Research,,,,,,
2022-02-10,Taxpayers' Union–Curia,,,,,,
2022-02-10,,1000,38.4,42.3,6.3,1.5,6.6
2022-02-27,,963,38.0,32.0,11.0,2.0,11.5
2022-03-08,,1000,39.0,37.0,9.0,2.2,8.0
2022-03-08,1 News–Kantar Public,,,,,,
2022-03-15,Taxpayers' Union–Curia,,,,,,
2022-03-15,,1000,35.3,36.2,12.4,1.8,11.2
2022-03-27,,944,38.0,32.0,10.5,4.0,9.0
2022-04-13,,1000,37.8,36.8,9.4,1.7,8.4
2022-04-13,Taxpayers' Union–Curia,,,,,,
2022-04-24,,918,37.5,33.5,10.5,2.5,10.0
2022-04-27,,1000,40.5,38.2,8.4,1.7,6.4
2022-04-27,Newshub–Reid Research,,,,,,
2022-05-10,,,36.0,37.0,8.0,4.0,7.0
2022-05-11,,1000,36.8,34.2,9.7,1.8,10.9
2022-05-11,Taxpayers' Union–Curia,,,,,,
2022-05-22,,934,40.0,31.5,11.5,3.0,10.0
2022-05-25,1 News–Kantar Public,,,,,,
2022-05-25,,1002,39.0,35.0,10.0,1.3,7.0
2022-06-10,,1200,35.0,36.0,10.0,3.3,8.0
2022-06-10,Talbot Mills,,,,,,
2022-06-12,,1200,37.4,34.2,8.3,2.3,9.4
2022-06-12,Taxpayers' Union–Curia,,,,,,
2022-06-26,,947,39.0,33.5,10.0,1.5,9.5
2022-07-01,,937,35.0,34.0,10.5,1.5,11.0
2022-07-10,,1200,37.0,34.7,8.5,2.8,10.0
2022-07-10,Taxpayers' Union–Curia,,,,,,
2022-08-03,,1044,31.4,34.1,10.2,3.5,10.7
2022-08-03,,1023,37.0,33.0,9.0,2.6,11.0
2022-08-03,1 News–Kantar Public,,,,,,
2022-08-08,Talbot Mills,,,,,,
2022-08-08,,,37.0,36.0,9.0,,10.0
2022-08-11,,1200,34.0,35.2,9.5,2.6,11.0
2022-08-11,Taxpayers' Union–Curia,,,,,,
2022-08-21,,947,35.5,35.0,9.0,1.5,10.5
2022-09-07,Talbot Mills,,,,,,
2022-09-07,,,38.0,35.0,8.0,,9.0
2022-09-09,,1000,37.0,33.4,9.9,1.6,12.4
2022-09-09,Taxpayers' Union–Curia,,,,,,
2022-09-21,,1001,37.0,34.0,9.0,3.0,9.0
2022-09-21,1 News–Kantar Public,,,,,,
2022-09-25,,942,36.0,29.5,12.5,1.0,12.5
2022-10-01,,,35.0,35.0,9.0,4.0,11.0
2022-10-11,,1000,39.2,34.4,7.2,2.1,9.4
2022-10-11,Taxpayers' Union–Curia,,,,,,
2022-10-23,,951,32.0,29.0,15.5,3.5,12.5
2022-10-25,,1154,26.6,29.7,13.0,7.2,13.5
2022-11-03,,,40.7,32.3,9.5,3.3,10.0
2022-11-03,Newshub–Reid Research,,,,,,
2022-11-07,,,35.0,34.0,9.0,4.4,10.0
2022-11-07,Talbot Mills,,,,,,
2022-11-08,,1000,37.6,35.3,7.8,3.8,9.9
2022-11-08,Taxpayers' Union–Curia,,,,,,
2022-11-27,,926,39.0,25.5,12.0,3.5,11.0
2022-11-30,,1011,38.0,33.0,9.0,3.6,11.0
2022-11-30,1 News–Kantar Public,,,,,,
2022-12-01,,,35.0,32.0,9.0,4.3,11.0
2022-12-01,,947,35.0,27.5,11.0,4.0,14.5
2022-12-06,Taxpayers' Union–Curia,,,,,,
2022-12-06,,1000,39.4,33.1,8.1,2.9,10.4
2023-01-16,,1000,37.2,31.7,10.6,2.8,10.8
2023-01-27,Newshub–Reid Research,,,,,,
2023-01-27,,,36.6,38.0,8.1,2.2,10.7
2023-01-28,,1147,27.7,35.5,9.0,4.5,13.0
2023-01-29,1 News–Kantar Public,,,,,,
2023-01-29,,948,32.0,30.0,12.0,5.0,13.5
2023-01-29,,1008,37.0,38.0,7.0,2.2,10.0
2023-01-31,,,36.0,33.0,11.0,3.4,10.0
2023-01-31,Talbot Mills,,,,,,
2023-02-09,,1000,34.4,34.4,7.8,2.9,11.7
2023-02-09,Taxpayers' Union–Curia,,,,,,
2023-02-26,,943,32.0,33.0,12.5,2.0,13.5
2023-03-07,,1000,34.8,35.5,5.7,4.2,9.3
2023-03-07,Taxpayers' Union–Curia,,,,,,
2023-03-08,1 News–Kantar Public,,,,,,
2023-03-08,,1002,34.0,36.0,11.0,3.1,11.0
2023-03-09,,1021,34.0,37.0,8.0,2.9,12.0
2023-03-09,Talbot Mills,,,,,,
2023-03-26,,943,32.0,33.0,10.5,3.0,13.0
2023-04-05,Talbot Mills,,,,,,
2023-04-05,,1000,36.5,36.9,6.7,2.6,9.5
2023-04-05,,,36.0,36.0,9.0,3.9,10.0
2023-04-23,,929,32.0,30.0,12.0,4.5,12.5
2023-05-03,,1046,36.0,33.0,9.0,3.4,10.0
2023-05-03,Talbot Mills,,,,,,
2023-05-07,,1000,35.6,33.8,7.0,2.6,12.7
2023-05-11,,,35.3,35.9,8.1,3.0,10.8
2023-05-11,Newshub–Reid Research,,,,,,
2023-05-17,,1563,26.5,34.4,9.5,5.3,12.3
2023-05-21,,952,31.5,31.0,12.0,3.5,13.5
2023-05-24,,1002,37.0,35.0,7.0,3.0,11.0
2023-05-24,1 News–Kantar Public,,,,,,
2023-06-06,Taxpayers' Union Curia,,,,,,
2023-06-06,,1001,35.0,36.0,7.0,2.9,11.0
2023-06-06,,1000,35.7,32.9,9.7,1.6,12.7
2023-06-25,,955,30.0,30.5,9.5,3.0,15.0
2023-07-02,Talbot Mills,,,,,,
2023-07-02,,1036,36.0,31.0,8.0,4.0,12.0
2023-07-10,,1000,33.3,31.1,8.9,3.3,13.2
2023-07-10,Taxpayers' Union–Curia,,,,,,
2023-07-12,1 News–Verian,,,,,,
2023-07-12,,1000,35.0,33.0,10.0,3.1,12.0
2023-07-23,,937,33.5,26.0,9.0,5.0,14.0
2023-07-31,,,36.6,32.3,9.6,4.1,12.1
2023-07-31,Newshub–Reid Research,,,,,,
2023-08-06,,1163,34.5,29.0,8.5,5.3,11.6
2023-08-07,,1012,35.0,32.0,10.0,4.4,11.0
2023-08-07,Talbot Mills,,,,,,
2023-08-08,,1000,34.9,27.1,12.0,5.8,13.0
2023-08-08,Taxpayers' Union–Curia,,,,,,
2023-08-16,1 News–Verian,,,,,,
2023-08-16,,1002,37.0,29.0,12.0,3.7,13.0
2023-08-25,,,34.0,32.0,11.0,6.0,10.0
2023-08-27,,1046,31.0,24.0,12.5,5.5,18.0
2023-08-30,Talbot Mills,,,,,,
2023-08-30,The Post–Freshwater Strategy,,,,,,
2023-08-30,,1511,36.0,26.0,12.0,6.0,11.0
2023-08-30,,,36.0,30.0,12.0,5.4,10.0
2023-09-06,,1000,35.0,26.5,12.7,3.9,14.3
2023-09-09,Newshub–Reid Research,,,,,,
2023-09-09,,,40.9,26.8,12.3,4.6,10.1
2023-09-10,,1154,34.5,26.9,11.0,6.0,10.3
2023-09-12,,1002,39.0,28.0,10.0,5.0,10.0
2023-09-12,1 News–Verian,,,,,,
2023-09-19,1 News–Verian,,,,,,
2023-09-19,,1001,37.0,27.0,12.0,5.0,12.0
2023-09-23,Newshub–Reid Research,,,,,,
2023-09-23,,,39.1,26.5,14.2,5.2,8.8
2023-09-26,,1002,36.0,26.0,13.0,6.0,12.0
2023-09-26,1 News–Verian,,,,,,
2023-09-28,,1027,38.0,27.0,13.0,6.4,9.0
2023-10-03,,1000,36.0,26.0,13.0,6.0,10.0
2023-10-03,1 News–Verian,,,,,,
2023-10-04,,1000,35.9,27.9,10.6,6.9,9.1
2023-10-04,Taxpayers’ Union–Curia,,,,,,
2023-10-08,,1200,34.0,30.3,10.6,8.2,7.9
2023-10-08,,1250,30.5,26.0,15.0,7.5,11.5
2023-10-10,,,34.5,27.5,14.9,6.8,8.8
2023-10-10,,1001,37.0,28.0,14.0,6.0,9.0
2023-10-10,Newshub–Reid Research,,,,,,
2023-10-10,1 News–Verian,,,,,,
2023-10-14,,,38.08,26.92,11.61,6.09,8.64
2023-10-14,,,38.08,26.92,11.61,6.09,8.64
2023-11-06,,1000,37.0,28.3,13.8,6.0,8.1
2023-11-06,Taxpayers' Union–Curia,,,,,,
2023-11-26,,920,37.5,21.0,12.5,8.0,12.5
2023-12-05,,,36.5,28.8,10.8,8.1,6.2
2023-12-05,Curia,,,,,,
2023-12-17,,947,36.0,22.0,15.5,6.0,9.5
2024-01-10,Curia,,,,,,
2024-01-10,,1000,41.0,28.4,9.5,5.6,7.8
2024-01-28,,947,38.0,22.0,15.5,6.0,7.5
2024-02-07,Taxpayers' Union–Curia,,,,,,
2024-02-07,,1000,39.6,27.9,9.0,5.0,13.7
2024-02-10,Talbot Mills,,,,,,
2024-02-10,,,38.0,29.0,12.0,6.2,7.0
2024-02-14,,1002,38.0,28.0,12.0,6.0,8.0
2024-02-14,1 News–Verian,,,,,,
2024-02-25,,935,35.5,21.5,15.5,7.5,12.0
2024-03-05,,1000,37.4,25.3,11.3,7.4,10.0
2024-03-10,,1000,38.0,28.0,14.0,6.0,8.0
2024-03-10,Talbot Mills,,,,,,
2024-03-24,,931,38.0,23.0,13.5,6.5,11.5
2024-04-04,,1000,37.1,25.7,14.6,6.3,7.2
2024-04-21,,934,36.5,24.5,13.0,5.5,11.0
2024-04-24,1 News–Verian,,,,,,
2024-04-24,,1000,36.0,30.0,14.0,4.2,7.0
2024-04-30,,,34.0,33.0,12.0,6.0,7.0
2024-05-07,,1000,37.3,30.0,10.2,5.5,9.4
2024-05-10,,,35.0,32.0,,,
2024-05-10,Talbot Mills,,,,,,
2024-05-19,,925,33.5,30.0,14.0,5.5,9.5
2024-06-06,,1000,35.4,29.4,12.7,5.6,9.7
2024-06-06,Taxpayers' Union–Curia,,,,,,
2024-06-19,,1002,38.0,29.0,13.0,6.0,7.0
2024-06-19,1 News–Verian,,,,,,
2024-06-23,,930,35.0,27.5,14.5,5.5,9.0
2024-07-08,,1000,37.6,25.9,12.5,7.3,9.1
2024-07-08,Taxpayers' Union–Curia,,,,,,
2024-07-21,,930,32.5,24.0,14.0,6.5,11.0
2024-08-14,1 News–Verian,,,,,,
2024-08-14,,1001,38.0,30.0,11.0,6.0,7.0
2024-08-25,,898,36.0,26.5,13.0,7.5,9.5
2024-09-10,,1000,39.0,26.7,11.0,6.8,8.8
2024-09-10,Taxpayers' Union–Curia,,,,,,
2024-09-10,Talbot Mills,,,,,,
2024-09-10,,,37.0,32.0,10.0,6.1,8.0
2024-09-22,,902,37.5,23.0,14.0,7.5,10.0
2024-10-07,,1000,34.9,30.3,10.4,7.6,9.7
2024-10-07,Taxpayers' Union–Curia,,,,,,
2024-10-09,,1000,37.0,29.0,12.0,5.0,8.0
2024-10-09,1 News–Verian,,,,,,
2024-10-20,,883,31.0,29.0,14.0,7.0,9.0
2024-11-10,Taxpayers' Union–Curia,,,,,,
2024-11-10,,,34.0,33.0,10.0,7.0,10.0
2024-11-10,,1000,38.8,31.5,9.3,6.5,8.5
2024-11-10,Talbot Mills,,,,,,
2024-11-24,,866,28.5,28.0,13.5,6.5,9.0
2024-11-27,The Post/Freshwater Strategy,,,,,,
2024-11-27,,1150,34.0,31.0,13.0,6.0,8.0
2024-11-28,,,31.0,32.0,10.0,6.0,10.0
2024-11-28,Labour–Talbot Mills,,,,,,
2024-12-03,,1000,34.2,26.9,8.3,5.4,13.0
2024-12-03,Taxpayers' Union–Curia,,,,,,
2024-12-04,,1006,37.0,29.0,10.0,6.0,8.0
2024-12-04,1 News–Verian,,,,,,
2024-12-15,,885,31.0,26.0,13.5,7.5,13.0
2025-01-13,Taxpayers' Union–Curia,,,,,,
2025-01-13,,1000,29.6,30.9,9.5,8.1,10.8
2025-01-26,,885,32.5,28.5,11.5,8.5,9.0
2025-01-27,,1049,33.0,34.0,12.0,5.2,9.0
2025-01-27,Talbot Mills,,,,,,
2025-02-04,Taxpayers' Union–Curia,,,,,,
2025-02-04,,1000,31.9,31.3,13.2,6.4,10.0
2025-02-07,1 News–Verian,,,,,,
2025-02-07,,1002,34.0,33.0,10.0,5.0,9.0
2025-02-23,,888,30.5,29.0,15.5,6.0,11.0
2025-03-04,Taxpayers' Union–Curia,,,,,,
2025-03-04,,1000,33.6,34.1,10.0,5.1,7.7
2025-03-10,Talbot Mills,,,,,,
2025-03-10,,1003,31.0,34.0,10.0,6.1,10.0
2025-03-23,,888,32.5,27.5,14.5,7.0,7.5
2025-03-27,RNZ–Reid Research,,,,,,
2025-03-27,,1000,32.9,32.3,10.0,7.2,9.4
2025-04-01,,1000,33.5,29.8,11.0,7.4,10.0
2025-04-01,Taxpayers' Union–Curia,,,,,,
2025-04-02,1 News–Verian,,,,,,
2025-04-02,,1000,36.0,32.0,10.0,7.0,9.0
2025-04-20,,829,31.0,28.5,14.0,9.0,9.0
2025-05-04,Taxpayers' Union–Curia,,,,,,
2025-05-04,,1000,34.6,33.2,9.1,7.4,9.5
2025-05-25,,799,31.5,29.0,11.5,6.5,12.0
2025-05-28,1 News-Verian,,,,,,
2025-05-28,,1002,34.0,29.0,12.0,8.0,8.0
2025-05-30,,1008,30.7,33.2,11.6,9.1,6.6
2025-05-30,RNZ-Reid Research,,,,,,
2025-06-09,Taxpayers' Union–Curia,,,,,,
2025-06-09,,1000,33.5,34.8,8.2,6.1,9.1
2025-06-15,,1150,32.0,34.0,11.0,8.0,8.0
2025-06-15,The Post/Freshwater Strategy,,,,,,
2025-06-22,,812,32.0,28.5,11.0,8.0,11.5
2025-07-06,Taxpayers' Union–Curia,,,,,,
2025-07-06,,1000,33.9,31.6,9.4,9.8,9.1
2025-07-10,,1090,32.0,35.0,12.0,7.0,8.0
2025-07-10,Talbot Mills,,,,,,
2025-07-27,,832,31.0,31.0,11.5,9.5,10.5
2025-08-05,,1000,31.8,33.6,9.8,7.8,8.6
2025-08-05,Taxpayers' Union–Curia,,,,,,
2025-08-06,,1002,34.0,33.0,10.0,9.0,8.0
2025-08-06,1 News–Verian,,,,,,
2025-08-10,,1000,32.0,34.0,11.0,9.3,8.0
2025-08-10,Talbot Mills,,,,,,
2025-08-24,,873,29.0,34.0,13.5,7.0,10.5
2025-09-02,,1000,33.1,33.8,10.7,8.1,6.7
2025-09-02,Taxpayers' Union–Curia,,,,,,
2025-09-10,Talbot Mills,,,,,,
2025-09-10,,1000,31.0,35.0,10.0,10.0,7.0
2025-09-12,,1000,32.5,34.3,10.9,8.7,7.2
2025-09-12,RNZ-Reid Research,,,,,,
2025-09-21,,870,31.5,28.5,13.5,8.0,9.0
2025-10-05,Taxpayers' Union–Curia,,,,,,
2025-10-05,,1000,29.6,31.2,12.0,10.6,6.6
2025-10-08,1 News–Verian,,,,,,
2025-10-08,The Post/Freshwater Strategy,,,,,,
2025-10-08,,1014,34.0,32.0,11.0,9.0,8.0
2025-10-08,,1050,31.0,34.0,9.0,11.0,9.0
2025-10-10,Talbot Mills,,,,,,
2025-10-10,,1097,29.0,35.0,10.0,12.0,8.0
2025-10-26,,857,32.0,30.5,12.0,9.5,8.0
2025-11-06,Taxpayers' Union–Curia,,,,,,
2025-11-06,,1000,30.2,33.3,9.2,9.1,8.6
2025-11-10,,1000,33.0,38.0,9.0,8.0,7.0
2025-11-10,Talbot Mills,,,,,,
2025-11-23,,829,33.0,28.0,14.5,9.0,8.0
2025-12-03,,1007,36.0,35.0,7.0,9.0,10.0
2025-12-03,1 News–Verian,,,,,,
2025-12-07,Taxpayers' Union–Curia,,,,,,
2025-12-07,,1000,30.0,31.6,10.8,8.1,8.9
2025-12-10,,1031,30.0,38.0,8.0,9.0,8.0
2025-12-10,The Post/Freshwater Strategy,,,,,,
2025-12-21,,859,33.0,32.5,12.0,10.0,7.5
2026-01-18,,1000,31.5,34.4,7.7,11.9,7.0
2026-01-22,,1000,31.9,35.0,9.6,9.8,7.6
2026-01-26,,881,34.5,30.5,10.5,9.0,8.5
2026-02-03,,1000,31.3,34.1,10.3,10.5,6.7
2026-02-11,,1003,34.0,32.0,11.0,10.0,9.0
2026-02-12,,1039,30.0,37.0,10.0,11.0,6.0
2026-02-22,,870,31.0,30.0,14.5,9.5,8.0
2026-03-03,,1000,28.4,34.4,10.5,9.7,7.5
