date,pollster,Clark,Peters,Key,Goff,Shearer,Norman,Ardern,Little,English,Turei,Shaw,Hipkins,Luxon,Seymour,Collins
2005-11-02,TV3–TNS,43.0,8.0,,,,,,,,,,,,,
2006-02-02,TV3–TNS,39.0,7.0,,,,,,,,,,,,,
2006-03-29,TV3–TNS,38.0,6.0,,,,,,,,,,,,,
2006-05-10,TV3–TNS,34.0,6.0,,,,,,,,,,,,,
2006-07-05,TV3–TNS,38.0,6.0,0.0,,,,,,,,,,,,
2006-08-30,TV3–TNS,38.0,5.0,0.0,,,,,,,,,,,,
2006-08-31,Herald–DigiPoll,52.4,5.0,8.5,,,,,,,,,,,,
2006-09-24,Herald–DigiPoll,50.8,4.8,9.2,,,,,,,,,,,,
2006-11-01,TV3–TNS,35.0,,,,,,,,,,,,,,
2006-12-02,Herald–DigiPoll,54.2,,28.5,,,,,,,,,,,,
2007-02-01,TV3–TNS,35.0,5.0,24.0,,,,,,,,,,,,
2007-02-15,One News–Colmar Brunton,32.0,3.0,27.0,,,,,,,,,,,,
2007-03-22,One News–Colmar Brunton,32.0,4.0,29.0,,,,,,,,,,,,
2007-03-28,TV3–TNS,37.0,4.0,28.0,,,,,,,,,,,,
2007-04-19,One News–Colmar Brunton,37.0,3.0,29.0,,,,,,,,,,,,
2007-05-09,TV3–TNS,30.0,5.0,32.0,,,,,,,,,,,,
2007-05-24,One News–Colmar Brunton,27.0,2.0,38.0,,,,,,,,,,,,
2007-05-24,Herald–DigiPoll,42.1,5.4,45.5,,,,,,,,,,,,
2007-07-05,One News–Colmar Brunton,29.0,2.0,35.0,,,,,,,,,,,,
2007-07-11,TV3–TNS,31.0,4.0,31.0,,,,,,,,,,,,
2007-07-19,Herald–DigiPoll,48.7,7.0,37.9,,,,,,,,,,,,
2007-08-09,One News–Colmar Brunton,30.0,4.0,33.0,,,,,,,,,,,,
2007-09-05,TV3–TNS,28.0,6.0,32.0,,,,,,,,,,,,
2007-09-13,One News–Colmar Brunton,33.0,4.0,31.0,,,,,,,,,,,,
2007-09-15,Fairfax Media Poll,34.0,3.0,41.0,,,,,,,,,,,,
2007-09-29,Herald–DigiPoll,46.8,,42.2,,,,,,,,,,,,
2007-10-11,One News–Colmar Brunton,33.0,3.0,33.0,,,,,,,,,,,,
2007-10-28,Herald–DigiPoll,50.8,5.0,37.3,,,,,,,,,,,,
2007-11-17,Fairfax Media Poll,38.0,,36.0,,,,,,,,,,,,
2007-11-26,Herald–DigiPoll,48.7,8.1,36.7,,,,,,,,,,,,
2007-12-12,TV3–TNS,28.0,6.0,33.0,,,,,,,,,,,,
2007-12-13,One News–Colmar Brunton,30.0,2.0,35.0,,,,,,,,,,,,
2008-01-24,Herald–DigiPoll,49.7,3.8,39.2,,,,,,,,,,,,
2008-01-30,TV3–TNS,29.0,6.0,33.0,,,,,,,,,,,,
2008-02-14,One News–Colmar Brunton,27.0,4.0,36.0,,,,,,,,,,,,
2008-02-19,Fairfax Media–Nielsen,29.0,,44.0,,,,,,,,,,,,
2008-02-26,TV3–TNS,28.0,5.0,35.0,,,,,,,,,,,,
2008-02-28,Herald–DigiPoll,44.3,3.3,46.3,,,,,,,,,,,,
2008-03-13,One News–Colmar Brunton,31.0,5.0,36.0,,,,,,,,,,,,
2008-03-27,Herald–DigiPoll,45.6,3.9,45.9,,,,,,,,,,,,
2008-04-16,TV3–TNS,32.0,6.0,29.0,,,,,,,,,,,,
2008-04-17,One News–Colmar Brunton,29.0,4.0,35.0,,,,,,,,,,,,
2008-04-22,Fairfax Media–Nielsen,33.0,,42.0,,,,,,,,,,,,
2008-04-26,Herald–DigiPoll,45.3,,48.0,,,,,,,,,,,,
2008-05-13,Fairfax Media–Nielsen,28.0,5.0,45.0,,,,,,,,,,,,
2008-05-28,Herald–DigiPoll,42.3,6.7,44.6,,,,,,,,,,,,
2008-05-29,TV3–TNS,29.0,6.0,35.0,,,,,,,,,,,,
2008-05-29,One News–Colmar Brunton,28.0,6.0,36.0,,,,,,,,,,,,
2008-06-17,Fairfax Media–Nielsen,30.0,2.0,43.0,,,,,,,,,,,,
2008-06-19,One News–Colmar Brunton,27.0,4.0,38.0,,,,,,,,,,,,
2008-07-15,Fairfax Media–Nielsen,32.0,3.0,39.0,,,,,,,,,,,,
2008-07-17,One News–Colmar Brunton,31.0,4.0,38.0,,,,,,,,,,,,
2008-07-18,TV3–TNS,28.0,6.0,32.0,,,,,,,,,,,,
2008-07-29,Herald–DigiPoll,44.0,4.9,47.1,,,,,,,,,,,,
2008-08-12,Fairfax Media–Nielsen,31.0,2.0,43.0,,,,,,,,,,,,
2008-08-14,One News–Colmar Brunton,33.0,3.0,36.0,,,,,,,,,,,,
2008-08-20,TV3–TNS,31.0,3.0,34.0,,,,,,,,,,,,
2008-08-25,Herald–DigiPoll,45.0,5.6,46.6,,,,,,,,,,,,
2008-09-11,One News-Colmar Brunton,31.0,3.0,40.0,,,,,,,,,,,,
2008-09-16,Fairfax Media–Nielsen,30.0,2.0,41.0,,,,,,,,,,,,
2008-09-24,Herald–DigiPoll,43.1,4.0,45.5,,,,,,,,,,,,
2008-09-28,TV3–TNS,32.0,,34.0,,,,,,,,,,,,
2008-10-02,One News-Colmar Brunton,31.0,3.0,41.0,,,,,,,,,,,,
2008-10-09,One News-Colmar Brunton,31.0,2.0,39.0,,,,,,,,,,,,
2008-10-10,TV3–TNS,31.6,,31.0,,,,,,,,,,,,
2008-10-14,Fairfax Media–Nielsen,35.0,,43.0,,,,,,,,,,,,
2008-10-16,One News-Colmar Brunton,34.0,2.0,40.0,,,,,,,,,,,,
2008-10-22,Herald–DigiPoll,45.4,4.0,44.8,,,,,,,,,,,,
2008-10-23,TV3–TNS,36.3,,36.3,,,,,,,,,,,,
2008-10-23,One News-Colmar Brunton,37.0,3.0,38.0,,,,,,,,,,,,
2008-11-05,One News-Colmar Brunton,36.0,1.0,40.0,,,,,,,,,,,,
2009-02-19,Colmar Brunton,,2.0,51.0,6.0,,,,,,,,,,,
2009-04-01,Colmar Brunton,,1.0,51.0,6.0,,,,,,,,,,,
2009-04-05,TV ONE Colmar Brunton,9.0,,51.0,6.0,,,,,,,,,,,
2009-07-29,Colmar Brunton,,2.0,54.0,7.0,,,,,,,,,,,
2009-10-18,3 News-Reid Research,8.2,3.0,51.6,4.7,,,,,,,,,,,
2009-11-25,ONE News Colmar Brunton,,2.0,54.0,5.0,,,,,,,,,,,
2009-12-13,3 News-Reid Research,6.1,2.1,49.9,8.0,,,,,,,,,,,
2010-02-10,Herald Digipoll,7.0,,58.0,6.8,,,,,,,,,,,
2010-04-14,ONE News Colmar Brunton,,,48.0,8.0,,,,,,,,,,,
2010-05-01,ONE News Colmar Brunton,,,46.0,6.0,,,,,,,,,,,
2010-08-08,ONE News Colmar Brunton,,,45.0,9.0,,,,,,,,,,,
2010-08-08,3 News-Reid Research,2.3,3.7,48.7,7.4,,,,,,,,,,,
2010-09-26,ONE News Colmar Brunton,,,52.0,8.0,,,,,,,,,,,
2010-12-19,One News-Colmar Brunton,,4.9,49.1,6.8,,,,,,,,,,,
2011-02-20,3 News-Reid Research,,4.9,49.1,6.8,,,,,,,,,,,
2011-02-20,ONE News Colmar Brunton,2.0,3.0,48.0,7.0,,,,,,,,,,,
2011-04-10,One News-Colmar Brunton,,3.0,55.0,11.0,,,,,,,,,,,
2011-04-17,3 News-Reid Research,,,52.4,6.8,,,,,,,,,,,
2011-05-27,Herald Digipoll,,,67.7,11.9,,,,,,,,,,,
2011-05-29,One News-Colmar Brunton,,,53.0,8.0,,,,,,,,,,,
2011-05-29,3 News-Reid Research,,,48.2,7.6,,,,,,,,,,,
2011-07-17,One News-Colmar Brunton,,,54.0,9.0,,,,,,,,,,,
2011-07-30,Herald Digipoll,7.9,2.9,70.3,9.3,,,,,,,,,,,
2011-08-21,One News-Colmar Brunton,,,57.0,8.0,,,,,,,,,,,
2011-10-29,Herald Digipoll,,3.5,70.6,13.7,,,,,,,,,,,
2011-11-03,One News-Colmar Brunton,,,56.0,12.0,,,,,,,,,,,
2011-11-21,Fairfax Media-Research International,,3.5,51.5,12.5,,,,,,,,,,,
2012-02-19,3 News Reid Research,,5.7,45.8,,10.1,,,,,,,,,,
2012-03-28,One News Colmar Brunton,,3.0,48.0,,11.0,,,,,,,,,,
2012-04-22,3 News Reid Research,,4.2,44.2,,10.4,2.2,,,,,,,,,
2012-04-29,Herald-Digipoll,,6.4,63.9,,13.1,,,,,,,,,,
2012-06-04,One News Colmar Brunton,,,48.0,,14.0,,,,,,,,,,
2012-06-10,3 News Reid Research,,4.8,40.5,,12.3,4.0,,,,,,,,,
2012-06-25,Herald-Digipoll,,7.3,63.5,,14.2,2.7,,,,,,,,,
2012-08-05,One News Colmar Brunton,,,45.0,,13.0,,,,,,,,,,
2012-08-05,3 News Reid Research,,6.2,43.2,,8.9,2.0,,,,,,,,,
2012-08-31,Herald-Digipoll,,5.8,65.6,,12.9,1.8,,,,,,,,,
2012-09-23,One News Colmar Brunton,,4.0,44.0,,12.0,,,,,,,,,,
2012-10-14,3 News Reid Research,,5.0,41.0,,8.5,2.4,,,,,,,,,
2012-11-04,One News Colmar Brunton,,6.0,42.0,,11.0,,,,,,,,,,
2012-12-02,3 News Reid Research,,5.0,37.4,,12.6,2.2,,,,,,,,,
2012-12-02,One News Colmar Brunton,,,39.0,,15.0,,,,,,,,,,
2013-02-13,One News Colmar Brunton,,5.0,44.0,,15.0,2.0,,,,,,,,,
2013-03-21,Herald-Digipoll,,4.0,63.0,,18.5,2.4,,,,,,,,,
2013-06-23,Herald-DigiPoll,,6.4,65.2,,12.4,,,,,,,,,,
2013-07-14,3 News Reid Research,,,42.0,,12.1,,,,,,,,,,
2013-07-31,One News Colmar Brunton,,4.0,41.0,,13.0,3.0,,,,,,,,,
2013-09-22,One News Colmar Brunton,,4.0,42.0,,12.0,,,,,,,,,,
2013-09-23,Herald-DigiPoll,,6.2,55.8,,16.8,3.7,,,,,,,,,
2013-10-23,One News Colmar Brunton,,4.0,43.0,,12.0,,,,,,,,,,
2013-12-09,Herald on Sunday/Key Research,,,45.0,,18.0,,,,,,,,,,
2013-12-17,Herald-DigiPoll,,7.3,61.9,,16.5,3.4,,,,,,,,,
2014-01-29,3 News Reid Research,,5.9,39.0,,10.8,,,,,,,,,,
2014-02-10,Fairfax Media-Ipsos,,,51.2,,18.2,,,,,,,,,,
2014-02-19,One News Colmar Brunton,,4.0,42.0,,8.0,,,,,,,,,,
2014-03-16,Herald-DigiPoll,,6.5,66.5,,11.1,4.5,,,,,,,,,
2014-03-26,3 News Reid Research,,6.9,42.6,,9.0,,,,,,,,,,
2014-03-26,One News Colmar Brunton,,4.0,42.0,,8.0,,,,,,,,,,
2014-05-12,Fairfax Media-Ipsos,,3.4,48.6,,13.4,1.8,,,,,,,,,
2014-05-21,One News Colmar Brunton,,,43.0,,10.0,,,,,,,,,,
2014-05-21,3 News Reid Research,,7.8,43.1,,9.8,,,,,,,,,,
2014-06-16,Herald-DigiPoll,,6.2,65.9,,12.7,2.5,,,,,,,,,
2014-06-17,Fairfax Media-Ipsos,,2.6,51.4,,11.1,2.7,,,,,,,,,
2014-07-17,Fairfax Media-Ipsos,,2.2,58.2,,14.2,2.1,,,,,,,,,
2014-08-27,Herald-DigiPoll,,8.2,67.8,,11.6,3.8,,,,,,,,,
2014-09-10,Herald-DigiPoll,,7.8,61.6,,17.9,3.3,,,,,,,,,
2014-12-21,Herald-DigiPoll,,,65.0,,,,1.7,13.6,,,,,,,
2015-01-28,3 News-Reid Research,,7.6,44.0,,,,,9.8,0.3,,,,,,
2015-02-18,One News-Colmar Brunton,,7.0,41.0,,,,0.7,12.0,0.6,1.1,,,,,
2015-04-26,Herald-DigiPoll,,12.0,64.6,,,,,13.9,,,,,,,
2015-05-27,3 News Reid Research,,11.2,39.4,,,,,11.6,0.6,,,,,,
2015-07-22,3 News Reid Research,,11.3,38.3,,,,,10.2,0.2,,0.2,,,,
2015-08-24,Herald-DigiPoll,,11.6,63.7,,,,3.9,13.3,,0.9,0.6,,,,
2015-09-16,3 News Reid Research,,8.6,39.5,,,,3.5,10.8,0.3,,0.2,,,,
2015-11-17,3 News Reid Research,,9.3,38.3,,,,4.2,10.4,0.7,,,,,,
2015-12-14,Herald-DigiPoll,,7.9,65.2,,,,2.8,16.2,,,,,,,
2016-04-06,One News Colmar Brunton,,10.0,39.0,,,,2.0,7.0,0.9,,0.4,,,,
2016-05-22,Newshub Reid Research,,12.1,36.7,,,,2.6,8.9,0.2,,0.5,,,,
2016-06-02,One News Colmar Brunton,,12.0,39.0,,,,1.0,7.0,0.4,,0.4,,,,
2016-08-03,Newshub Reid Research,,10.9,36.7,,,,2.9,10.5,0.3,1.0,0.9,,,,
2016-09-07,One News Colmar Brunton,,11.0,38.0,,,,1.0,10.0,,,0.1,,,,
2016-11-23,One News Colmar Brunton,,8.0,36.0,,,,1.0,8.0,,1.0,0.3,,,,
2017-02-15,One News Colmar Brunton,,8.0,2.0,,,,4.0,7.0,31.0,2.0,0.3,,,,
2017-03-19,Newshub Reid Research,,8.9,5.9,,,,10.5,8.3,25.0,1.0,,,,,
2017-03-22,One News Colmar Brunton,,9.0,2.0,,,,9.0,7.0,26.0,0.4,0.5,,,,
2017-05-24,Listener: Bauer Media Insights,,9.0,,,,,16.0,13.0,39.0,3.0,2.0,,,,
2017-05-31,One News Colmar Brunton,,7.0,2.0,,,,6.0,8.0,29.0,0.7,0.4,,,,
2017-06-12,Newshub Reid Research,,9.7,5.9,,,,6.6,7.0,26.2,1.4,0.7,,,,
2017-07-05,One News Colmar Brunton,,11.0,1.0,,,,6.0,5.0,26.0,0.2,0.5,,,,
2017-07-27,One News Colmar Brunton,,10.0,1.0,,,,6.0,6.0,28.0,1.0,0.2,,,,
2017-07-28,Newshub Reid Research,,11.9,6.0,,,,8.7,7.1,25.8,1.6,0.7,,,,
2017-08-08,Newshub Reid Research,,10.0,4.9,,,,26.3,0.9,27.7,0.8,0.2,,,,
2017-08-16,One News Colmar Brunton,,7.0,0.5,,,,30.0,,30.0,,0.3,,,,
2017-08-30,Newshub Reid Research,,6.9,4.6,,,,29.9,0.3,30.1,0.8,0.5,,,,
2017-08-30,One News Colmar Brunton,,4.0,,,,,34.0,,33.0,0.8,0.4,,,,
2017-09-05,Listener: Bauer Media Insights,,6.0,,,,,46.0,,36.0,,1.0,,,,
2017-09-06,One News Colmar Brunton,,5.0,0.7,,,,35.0,0.1,31.0,,1.0,,,,
2017-09-06,Newsroom: SSI,,11.0,,,,,45.0,,31.0,,,,,,
2017-09-11,Newshub Reid Research,,6.9,4.1,,,,31.7,0.1,33.1,0.8,0.6,,,,
2017-09-13,One News Colmar Brunton,,5.0,0.6,,,,34.0,,32.0,0.2,0.3,,,,
2017-09-19,One News Colmar Brunton,,6.0,0.7,,,,31.0,,37.0,0.1,0.3,,,,
2017-09-20,Newshub Reid Research,,7.1,3.6,,,,29.6,0.4,34.7,0.5,0.6,,,,
2020-12-02,1 News–Kantar Public,,1.0,,,,,58.0,,,,,0.3,2.0,4.0,12.0
2021-03-13,1 News–Kantar Public,,0.7,,,,,43.0,,,,,,2.0,4.0,8.0
2021-05-13,Newshub–Reid Research,,,,,,,48.1,,,,,,2.4,,5.6
2021-05-26,1 News–Kantar Public,,1.0,,,,,48.0,,,,,,3.0,6.0,9.0
2021-07-01,Talbot Mills,,,,,,,55.0,,,,,,,12.0,10.0
2021-07-29,Newshub–Reid Research,,,,,,,45.5,,,,,,,8.6,8.2
2021-08-01,Talbot Mills,,,,,,,50.0,,,,,,2.1,14.0,11.0
2021-09-06,Talbot Mills,,,,,,,55.0,,,,,,1.3,14.0,13.0
2021-09-09,Taxpayers' Union–Curia,,1.5,,,,,50.8,,,,,,3.3,9.3,4.4
2021-09-26,1 News–Kantar Public,,0.7,,,,,44.0,,,,,0.1,3.0,11.0,5.0
2021-10-05,Talbot Mills,,,,,,,51.0,,,,,,,16.0,9.0
2021-10-11,Taxpayers' Union–Curia,,1.3,,,,,47.2,,,,,,2.3,12.3,5.2
2021-11-03,Talbot Mills,,,,,,,47.0,,,,,,2.0,15.0,10.0
2021-11-08,Taxpayers' Union–Curia,,1.5,,,,,34.0,,,,,,4.1,10.5,6.3
2021-11-10,1 News–Kantar Public,,1.0,,,,,39.0,,,,,,4.0,11.0,5.0
2021-11-17,Newshub–Reid Research,,,,,,,41.7,,,,,,2.5,11.9,6.1
2021-12-08,Taxpayers' Union–Curia,,2.4,,,,,39.1,,,,,,20.4,5.6,0.8
2022-01-17,Taxpayers' Union–Curia,,0.9,,,,,37.5,,,,,,18.4,8.4,3.8
2022-01-26,1 News–Kantar Public,,1.0,,,,,35.0,,,,,0.1,17.0,6.0,0.2
2022-02-04,Newshub–Reid Research,,,,,,,43.3,,,,,,17.8,7.9,
2022-02-10,Taxpayers' Union–Curia,,1.8,,,,,38.9,,,,,,28.5,2.4,1.5
2022-03-08,1 News–Kantar Public,,2.0,,,,,34.0,,,,,0.3,25.0,5.0,0.3
2022-03-15,Taxpayers' Union–Curia,,5.5,,,,,38.7,,,,,,26.6,4.4,
2022-04-13,Taxpayers' Union–Curia,,2.6,,,,,36.3,,,,,,28.6,4.8,
2022-04-27,Newshub–Reid Research,,,,,,,36.3,,,,,,23.9,5.1,
2022-05-11,Taxpayers' Union–Curia,,,,,,,35.1,,,,,,27.9,,
2022-05-25,1 News–Kantar Public,,1.0,,,,,33.0,,,,,,25.0,3.0,0.1
2022-06-10,Talbot Mills,,,,,,,42.0,,,,,,29.0,8.0,
2022-06-12,Taxpayers' Union–Curia,,3.8,,,,,39.7,,,,,,28.0,5.6,
2022-07-10,Taxpayers' Union–Curia,,2.3,,,,,41.2,,,,,,22.4,6.1,
2022-08-03,1 News–Kantar Public,,2.0,,,,,30.0,,,,,0.2,22.0,5.0,0.2
2022-08-08,Talbot Mills,,,,,,,39.0,,,,,,26.0,9.0,
2022-08-11,Taxpayers' Union–Curia,,4.2,,,,,39.5,,,,,,19.5,7.7,
2022-09-07,Talbot Mills,,,,,,,38.0,,,,,,26.0,,
2022-09-09,Taxpayers' Union–Curia,,2.6,,,,,36.5,,,,,,25.9,6.6,
2022-09-21,1 News–Kantar Public,,2.0,,,,,30.0,,,,,0.2,21.0,4.0,0.1
2022-10-11,Taxpayers' Union–Curia,,3.6,,,,,32.9,,,,,,22.5,7.3,
2022-11-03,Newshub–Reid Research,,4.2,,,,,29.9,,,,,,21.5,7.3,
2022-11-07,Talbot Mills,,,,,,,40.0,,,,,,24.0,,
2022-11-08,Taxpayers' Union–Curia,,2.5,,,,,35.0,,,,,,21.1,6.1,
2022-11-30,1 News–Kantar Public,,2.0,,,,,29.0,,,,,0.2,23.0,6.0,0.1
2022-12-06,Taxpayers' Union–Curia,,3.4,,,,,35.3,,,,,,26.3,7.1,
2023-01-27,Newshub–Reid Research,,2.9,,,,,12.4,,,,,19.6,18.8,8.0,
2023-01-29,1 News–Kantar Public,,2.0,,,,,5.0,,,,,23.0,22.0,6.0,0.3
2023-01-31,Talbot Mills,,,,,,,,,,,,35.0,27.0,9.0,
2023-02-09,Taxpayers' Union–Curia,,3.5,,,,,9.0,,,,,30.0,26.0,8.0,
2023-03-07,Taxpayers' Union–Curia,,,,,,,7.0,,,,,30.0,21.0,8.0,
2023-03-08,1 News–Kantar Public,,3.0,,,,,2.0,,,,,27.0,17.0,6.0,0.2
2023-03-09,Talbot Mills,,,,,,,,,,,,39.0,23.0,,
2023-04-05,Talbot Mills,,,,,,,,,,,,36.0,24.0,11.0,
2023-05-03,Talbot Mills,,,,,,,,,,,,32.0,25.0,,
2023-05-11,Newshub–Reid Research,,3.6,,,,,8.5,,,,,23.4,16.4,7.5,
2023-05-24,1 News–Kantar Public,,2.0,,,,,1.0,,,,,25.0,18.0,7.0,0.1
2023-06-06,Taxpayers' Union Curia,,2.8,,,,,9.0,,,,,29.0,23.0,7.0,
2023-07-02,Talbot Mills,,,,,,,,,,,,32.0,21.0,,
2023-07-10,Taxpayers' Union–Curia,,3.6,,,,,8.0,,,,,23.0,20.0,6.0,
2023-07-12,1 News–Verian,,2.0,,,,,1.0,,,,,24.0,20.0,7.0,
2023-07-31,Newshub–Reid Research,,4.3,,,,,,,,,,24.0,15.9,10.9,
2023-08-07,Talbot Mills,,,,,,,,,,,,34.0,24.0,,
2023-08-08,Taxpayers' Union–Curia,,7.0,,,,,,,,,,25.0,25.0,7.0,
2023-08-16,1 News–Verian,,3.0,,,,,2.0,,,,,21.0,20.0,6.0,0.2
2023-08-30,The Post–Freshwater Strategy,,,,,,,,,,,,45.0,43.0,,
2023-08-30,Talbot Mills,,,,,,,,,,,,28.0,26.0,11.0,
2023-09-09,Newshub–Reid Research,,4.6,,,,,,,,,,22.5,22.5,7.0,
2023-09-12,1 News–Verian,,4.0,,,,,1.0,,,,,23.0,23.0,5.0,0.1
2023-09-19,1 News–Verian,,4.0,,,,,1.0,,,,,23.0,23.0,5.0,0.2
2023-09-23,Newshub–Reid Research,,6.0,,,,,4.1,,,,,19.1,24.0,6.1,
2023-09-26,1 News–Verian,,4.0,,,,,1.0,,,,,23.0,23.0,5.0,
2023-10-03,1 News–Verian,,4.0,,,,,0.4,,,,,25.0,26.0,3.0,
2023-10-04,Taxpayers’ Union–Curia,,4.3,,,,,4.5,,,,,27.0,29.0,4.0,
2023-10-10,Newshub–Reid Research,,5.0,,,,,3.4,,,,,22.2,23.6,4.2,
2023-10-10,1 News–Verian,,5.0,,,,,0.5,,,,,25.0,25.0,4.0,0.2
2023-11-06,Taxpayers' Union–Curia,,5.0,,,,,,,,,,18.0,33.0,4.0,
2023-12-05,Curia,,,,,,,,,,,,22.0,30.0,,
2024-01-10,Curia,,,,,,,,,,,,13.0,31.0,,
2024-02-07,Taxpayers' Union–Curia,,6.0,,,,,,,,,,19.0,29.0,10.0,
2024-02-10,Talbot Mills,,,,,,,,,,,,23.0,27.0,,
2024-02-14,1 News–Verian,,6.0,,,,,,,,,,15.0,25.0,4.0,
2024-03-10,Talbot Mills,,,,,,,,,,,,23.0,24.0,,
2024-04-24,1 News–Verian,,4.0,,,,,,,,,,16.0,23.0,5.0,
2024-05-10,Talbot Mills,,,,,,,,,,,,25.0,25.0,,
2024-06-06,Taxpayers' Union–Curia,,3.8,,,,,,,,,,20.2,25.4,5.0,
2024-06-19,1 News–Verian,,4.0,,,,,,,,,,18.0,23.0,4.0,
2024-07-08,Taxpayers' Union–Curia,,5.6,,,,,,,,,,18.7,34.5,5.6,
2024-08-14,1 News–Verian,,5.0,,,,,,,,,,18.0,28.0,4.0,
2024-09-10,Taxpayers' Union–Curia,,6.7,,,,,,,,,,12.6,32.7,5.2,
2024-09-10,Talbot Mills,,,,,,,,,,,,22.0,26.0,,
2024-10-07,Taxpayers' Union–Curia,,8.4,,,,,,,,,,16.9,27.7,7.4,
2024-10-09,1 News–Verian,,6.0,,,,,,,,,,15.0,25.0,4.0,
2024-11-10,Talbot Mills,,,,,,,,,,,,23.0,25.0,,
2024-11-10,Taxpayers' Union–Curia,,6.3,,,,,,,,,,15.5,26.5,7.4,
2024-11-27,The Post/Freshwater Strategy,,,,,,,,,,,,42.0,41.0,,
2024-11-28,Labour–Talbot Mills,,,,,,,,,,,,22.7,22.1,,
2024-12-03,Taxpayers' Union–Curia,,5.8,,,,,,,,,,19.9,27.1,5.8,
2024-12-04,1 News–Verian,,5.0,,,,,,,,,,15.0,24.0,6.0,
2025-01-13,Taxpayers' Union–Curia,,8.8,,,,,,,,,,15.3,24.5,6.3,
2025-01-27,Talbot Mills,,,,,,,,,,,,25.0,24.0,,
2025-02-04,Taxpayers' Union–Curia,,8.0,,,,,,,,,,17.6,20.7,6.4,
2025-02-07,1 News–Verian,,5.0,,,,,,,,,,17.0,22.0,6.0,
2025-03-04,Taxpayers' Union–Curia,,8.6,,,,,,,,,,20.7,20.3,5.0,
2025-03-10,Talbot Mills,,,,,,,,,,,,24.0,21.0,,
2025-03-27,RNZ–Reid Research,,7.9,,,,,,,,,,20.9,21.9,6.8,
2025-04-01,Taxpayers' Union–Curia,,12.8,,,,,,,,,,18.9,21.9,8.0,
2025-04-02,1 News–Verian,,7.0,,,,,,,,,,20.0,23.0,3.0,
2025-05-04,Taxpayers' Union–Curia,,8.1,,,,,,,,,,20.0,24.5,6.7,
2025-05-28,1 News-Verian,,6.0,,,,,,,,,,19.0,23.0,4.0,
2025-05-30,RNZ-Reid Research,,8.9,,,,,,,,,,23.2,18.8,6.4,
2025-06-09,Taxpayers' Union–Curia,,8.0,,,,,,,,,,18.5,20.3,6.0,
2025-06-15,The Post/Freshwater Strategy,,,,,,,,,,,,43.0,37.0,,
2025-07-06,Taxpayers' Union–Curia,,9.3,,,,,,,,,,19.6,19.7,5.7,
2025-07-10,Talbot Mills,,,,,,,,,,,,24.0,24.0,,
2025-08-05,Taxpayers' Union–Curia,,8.2,,,,,,,,,,20.2,20.2,6.2,
2025-08-06,1 News–Verian,,7.0,,,,,,,,,,19.0,20.0,4.0,
2025-08-10,Talbot Mills,,,,,,,,,,,,26.0,21.0,,
2025-09-02,Taxpayers' Union–Curia,,10.9,,,,,,,,,,17.7,21.7,3.7,
2025-09-10,Talbot Mills,,,,,,,,,,,,25.0,20.0,,
2025-09-12,RNZ-Reid Research,,8.9,,,,,,,,,,23.0,19.6,5.8,
2025-10-05,Taxpayers' Union–Curia,,9.9,,,,,,,,,,20.9,19.8,4.0,
2025-10-08,The Post/Freshwater Strategy,,,,,,,,,,,,45.0,36.0,,
2025-10-08,1 News–Verian,,8.0,,,,,,,,,,18.0,21.0,5.0,
2025-10-10,Talbot Mills,,,,,,,,,,,,24.0,21.0,,
2025-11-06,Taxpayers' Union–Curia,,8.5,,,,,,,,,,20.6,20.8,7.7,
2025-11-10,Talbot Mills,,,,,,,,,,,,26.0,22.0,,
2025-12-03,1 News–Verian,,9.0,,,,,,,,,,21.0,23.0,5.0,
2025-12-07,Taxpayers' Union–Curia,,8.5,,,,,,,,,,17.8,19.7,6.0,
2025-12-10,The Post/Freshwater Strategy,,,,,,,,,,,,45.0,39.0,,
