date,real_gdp,gdp_qoq_pct,gdp_yoy_pct,cpi_all_groups,cpi_all_groups_yoy,cpi_food,cpi_food_yoy,cpi_housing,cpi_housing_yoy,cpi_rental,cpi_rental_yoy,house_price_real
1990-01-01,,,,,,,,,,,,49.88
1990-02-01,27540.00,0.61,-0.65,574.02,7.02,578.51,10.82,,,,,
1990-04-01,,,,,,,,,,,,49.53
1990-05-01,27429.00,-0.40,-1.32,584.10,7.62,590.44,10.58,,,,,
1990-07-01,,,,,,,,,,,,49.13
1990-08-01,27751.00,1.17,2.38,589.94,5.00,598.21,5.10,,,,,
1990-10-01,,,,,,,,,,,,48.32
1990-11-01,28215.00,1.67,3.08,596.30,4.85,597.69,3.32,,,,,
1991-01-01,,,,,,,,,,,,47.18
1991-02-01,27136.00,-3.82,-1.47,600.02,4.53,597.69,3.32,,,,,
1991-04-01,,,,,,,,,,,,46.64
1991-05-01,26872.00,-0.97,-2.03,600.55,2.82,596.14,0.97,,,,,
1991-07-01,,,,,,,,,,,,46.88
1991-08-01,27280.00,1.52,-1.70,602.67,2.16,598.73,0.09,,,,,
1991-10-01,,,,,,,,,,,,46.67
1991-11-01,27270.00,-0.04,-3.35,602.14,0.98,592.51,-0.87,,,,,
1992-01-01,,,,,,,,,,,,46.23
1992-02-01,27387.00,0.43,0.92,604.79,0.80,591.99,-0.95,,,,,
1992-04-01,,,,,,,,,,,,46.78
1992-05-01,27631.00,0.89,2.82,606.38,0.97,591.47,-0.78,,,,,
1992-07-01,,,,,,,,,,,,46.92
1992-08-01,27103.00,-1.91,-0.65,608.50,0.97,601.32,0.43,,,,,
1992-10-01,,,,,,,,,,,,46.85
1992-11-01,27460.00,1.32,0.70,610.10,1.32,602.88,1.75,,,,,
1993-01-01,,,,,,,,,,,,47.30
1993-02-01,28037.00,2.10,2.37,610.63,0.96,608.06,2.71,,,,,
1993-04-01,,,,,,,,,,,,47.46
1993-05-01,28258.00,0.79,2.27,614.34,1.31,599.77,1.40,,,,,
1993-07-01,,,,,,,,,,,,48.12
1993-08-01,29031.00,2.74,7.11,617.52,1.48,604.43,0.52,,,,,
1993-10-01,,,,,,,,,,,,49.12
1993-11-01,29569.00,1.85,7.68,618.58,1.39,601.84,-0.17,,,,,
1994-01-01,,,,,,,,,,,,51.89
1994-02-01,30495.00,3.13,8.77,618.58,1.30,603.65,-0.73,,,,,
1994-04-01,,,,,,,,,,,,53.42
1994-05-01,30768.00,0.90,8.88,621.06,1.09,597.63,-0.36,,,,,
1994-07-01,,,,,,,,,,,,54.37
1994-08-01,30734.00,-0.11,5.87,628.48,1.77,600.03,-0.73,,,,,
1994-10-01,,,,,,,,,,,,54.75
1994-11-01,31160.00,1.39,5.38,635.90,2.80,604.25,0.40,,,,,
1995-01-01,,,,,,,,,,,,55.17
1995-02-01,31503.00,1.10,3.31,643.33,4.00,608.46,0.80,,,,,
1995-04-01,,,,,,,,,,,,55.60
1995-05-01,32066.00,1.79,4.22,649.51,4.58,612.67,2.52,,,,,
1995-07-01,,,,,,,,,,,,57.05
1995-08-01,31989.00,-0.24,4.08,650.75,3.54,604.85,0.80,,,,,
1995-10-01,,,,,,,,,,,,57.93
1995-11-01,32414.00,1.33,4.02,654.46,2.92,610.27,1.00,,,,,
1996-01-01,,,,,,,,,,,,60.35
1996-02-01,32584.00,0.52,3.43,657.55,2.21,610.27,0.30,,,,,
1996-04-01,,,,,,,,,,,,60.82
1996-05-01,33028.00,1.36,3.00,662.50,2.00,615.68,0.49,,,,,
1996-07-01,,,,,,,,,,,,60.56
1996-08-01,33431.00,1.22,4.51,666.21,2.38,620.50,2.59,,,,,
1996-10-01,,,,,,,,,,,,61.05
1996-11-01,33594.00,0.49,3.64,671.16,2.55,624.11,2.27,,,,,
1997-01-01,,,,,,,,,,,,63.33
1997-02-01,33389.00,-0.61,2.47,669.31,1.79,628.32,2.96,,,,,
1997-04-01,,,,,,,,,,,,63.88
1997-05-01,34232.00,2.52,3.65,669.93,1.12,630.73,2.44,,,,,
1997-07-01,,,,,,,,,,,,63.78
1997-08-01,34891.00,1.93,4.37,673.02,1.02,632.53,1.94,,,,,
1997-10-01,,,,,,,,,,,,63.49
1997-11-01,34315.00,-1.65,2.15,676.73,0.83,632.53,1.35,,,,,
1998-01-01,,,,,,,,,,,,62.66
1998-02-01,34249.00,-0.19,2.58,677.97,1.29,642.77,2.30,,,,,
1998-04-01,,,,,,,,,,,,61.28
1998-05-01,34208.00,-0.12,-0.07,681.06,1.66,647.58,2.67,,,,,
1998-07-01,,,,,,,,,,,,61.05
1998-08-01,34372.00,0.48,-1.49,684.77,1.75,656.61,3.81,,,,,
1998-10-01,,,,,,,,,,,,61.82
1998-11-01,35241.00,2.53,2.70,679.20,0.37,658.41,4.09,,,,,
1999-01-01,,,,,,,,,,,,63.01
1999-02-01,35497.00,0.73,3.64,677.35,-0.09,663.83,3.28,,,,,
1999-04-01,,,,,,,,,,,,63.35
1999-05-01,35879.00,1.08,4.88,678.59,-0.36,659.62,1.86,536.81,,763.82,,
1999-07-01,,,,,,,,,,,,63.01
1999-08-01,36384.00,1.41,5.85,681.30,-0.51,655.66,-0.14,541.67,,769.35,,
1999-10-01,,,,,,,,,,,,62.91
1999-11-01,36740.00,0.98,4.25,682.66,0.51,653.02,-0.82,542.36,,769.35,,
2000-01-01,,,,,,,,,,,,62.59
2000-02-01,37571.00,2.26,5.84,687.41,1.49,662.26,-0.24,545.14,,770.14,,
2000-04-01,,,,,,,,,,,,61.98
2000-05-01,37353.00,-0.58,4.11,692.16,2.00,659.62,0.00,547.22,1.94,768.56,0.62,
2000-07-01,,,,,,,,,,,,60.66
2000-08-01,37510.00,0.42,3.09,701.66,2.99,667.53,1.81,550.69,1.67,768.56,-0.10,
2000-10-01,,,,,,,,,,,,59.81
2000-11-01,37687.00,0.47,2.58,709.80,3.98,676.77,3.64,554.17,2.18,767.77,-0.21,
2001-01-01,,,,,,,,,,,,60.75
2001-02-01,37355.00,-0.88,-0.57,708.44,3.06,693.92,4.78,543.75,-0.25,696.68,-9.54,
2001-04-01,,,,,,,,,,,,60.45
2001-05-01,38619.00,3.38,3.39,714.55,3.24,699.19,6.00,543.75,-0.63,695.10,-9.56,
2001-07-01,,,,,,,,,,,,60.64
2001-08-01,38616.00,-0.01,2.95,718.62,2.42,711.73,6.62,546.53,-0.76,695.10,-9.56,
2001-10-01,,,,,,,,,,,,61.32
2001-11-01,39032.00,1.08,3.57,722.69,1.82,722.28,6.73,548.61,-1.00,697.47,-9.16,
2002-01-01,,,,,,,,,,,,63.40
2002-02-01,39486.00,1.16,5.70,726.77,2.59,730.86,5.32,555.56,2.17,702.21,0.79,
2002-04-01,,,,,,,,,,,,64.27
2002-05-01,39864.00,0.96,3.22,734.23,2.75,727.56,4.06,559.72,2.94,706.16,1.59,
2002-07-01,,,,,,,,,,,,65.98
2002-08-01,40707.00,2.11,5.41,737.62,2.64,728.22,2.32,565.28,3.43,711.69,2.39,
2002-10-01,,,,,,,,,,,,68.03
2002-11-01,41405.00,1.71,6.08,742.37,2.72,728.88,0.91,572.22,4.30,716.43,2.72,
2003-01-01,,,,,,,,,,,,71.51
2003-02-01,41625.00,0.53,5.42,745.09,2.52,729.54,-0.18,577.08,3.87,721.96,2.81,
2003-04-01,,,,,,,,,,,,73.98
2003-05-01,41812.00,0.45,4.89,745.09,1.48,727.56,0.00,584.72,4.47,729.07,3.24,
2003-07-01,,,,,,,,,,,,78.60
2003-08-01,42432.00,1.48,4.24,748.48,1.47,730.20,0.27,597.92,5.77,735.39,3.33,
2003-10-01,,,,,,,,,,,,83.31
2003-11-01,42944.00,1.21,3.72,753.91,1.55,730.20,0.18,611.11,6.80,738.55,3.09,
2004-01-01,,,,,,,,,,,,86.70
2004-02-01,44088.00,2.66,5.92,756.62,1.55,732.83,0.45,618.06,7.10,748.82,3.72,
2004-04-01,,,,,,,,,,,,87.54
2004-05-01,44106.00,0.04,5.49,762.73,2.37,735.47,1.09,626.39,7.13,752.76,3.25,
2004-07-01,,,,,,,,,,,,88.78
2004-08-01,44189.00,0.19,4.14,767.48,2.54,734.15,0.54,636.11,6.39,756.71,2.90,
2004-10-01,,,,,,,,,,,,91.18
2004-11-01,44232.00,0.10,3.00,774.27,2.70,738.77,1.17,645.83,5.68,759.87,2.89,
2005-01-01,,,,,,,,,,,,94.99
2005-02-01,44325.00,0.21,0.54,777.66,2.78,744.05,1.53,652.78,5.62,766.19,2.32,
2005-04-01,,,,,,,,,,,,96.81
2005-05-01,45447.00,2.53,3.04,784.45,2.85,743.39,1.08,661.81,5.65,770.14,2.31,
2005-07-01,,,,,,,,,,,,98.75
2005-08-01,45557.00,0.24,3.10,793.27,3.36,746.03,1.62,671.53,5.57,777.25,2.71,
2005-10-01,,,,,,,,,,,,101.86
2005-11-01,45549.00,-0.02,2.98,798.70,3.16,749.98,1.52,679.17,5.16,778.83,2.49,
2006-01-01,,,,,,,,,,,,103.20
2006-02-01,45961.00,0.90,3.69,803.45,3.32,757.24,1.77,685.42,5.00,781.99,2.06,
2006-04-01,,,,,,,,,,,,102.56
2006-05-01,45769.00,-0.42,0.71,815.66,3.98,759.88,2.22,694.44,4.93,789.89,2.56,
2006-07-01,,,,,,,,,,,,104.21
2006-08-01,46586.00,1.79,2.26,821.37,3.54,775.08,3.89,707.64,5.38,792.26,1.93,
2006-10-01,,,,,,,,,,,,108.11
2006-11-01,46933.00,0.74,3.04,819.74,2.63,778.88,3.85,713.89,5.11,797.79,2.43,
2007-01-01,,,,,,,,,,,,112.05
2007-02-01,47283.00,0.75,2.88,823.82,2.54,787.23,3.96,721.53,5.27,805.69,3.03,
2007-04-01,,,,,,,,,,,,114.06
2007-05-01,47951.00,1.41,4.77,831.97,2.00,791.03,4.10,730.56,5.20,810.43,2.60,
2007-07-01,,,,,,,,,,,,113.95
2007-08-01,48416.00,0.97,3.93,836.05,1.79,800.91,3.33,743.75,5.10,816.75,3.09,
2007-10-01,,,,,,,,,,,,112.79
2007-11-01,48666.00,0.52,3.69,845.84,3.18,813.07,4.39,750.69,5.16,820.70,2.87,
2008-01-01,,,,,,,,,,,,111.36
2008-02-01,48425.00,-0.50,2.42,851.55,3.37,827.51,5.12,758.33,5.10,830.17,3.04,
2008-04-01,,,,,,,,,,,,104.77
2008-05-01,47755.00,-1.38,-0.41,865.42,4.02,845.74,6.92,767.36,5.04,835.70,3.12,
2008-07-01,,,,,,,,,,,,101.22
2008-08-01,47804.00,0.10,-1.26,878.47,5.07,876.90,9.49,778.47,4.67,842.02,3.09,
2008-10-01,,,,,,,,,,,,99.37
2008-11-01,47799.00,-0.01,-1.78,874.39,3.38,889.82,9.44,783.33,4.35,845.18,2.98,
2009-01-01,,,,,,,,,,,,98.42
2009-02-01,47446.00,-0.74,-2.02,876.84,2.97,900.46,8.82,785.42,3.57,847.55,2.09,
2009-04-01,,,,,,,,,,,,99.64
2009-05-01,48035.00,1.24,0.59,881.73,1.89,908.81,7.46,788.89,2.81,849.92,1.70,
2009-07-01,,,,,,,,,,,,100.60
2009-08-01,48321.00,0.60,1.08,893.15,1.67,924.01,5.37,794.44,2.05,851.50,1.13,
2009-10-01,,,,,,,,,,,,102.71
2009-11-01,48900.00,1.20,2.30,891.52,1.96,901.98,1.37,795.83,1.60,853.87,1.03,
2010-01-01,,,,,,,,,,,,102.42
2010-02-01,49469.00,1.16,4.26,894.78,2.05,911.09,1.18,797.92,1.59,857.82,1.21,
2010-04-01,,,,,,,,,,,,101.12
2010-05-01,49743.00,0.55,3.56,896.41,1.67,902.74,-0.67,802.08,1.67,861.77,1.39,
2010-07-01,,,,,,,,,,,,99.42
2010-08-01,49043.00,-1.41,1.49,906.20,1.46,924.77,0.08,813.19,2.36,865.72,1.67,
2010-10-01,,,,,,,,,,,,97.15
2010-11-01,48461.00,-1.19,-0.90,927.41,4.03,943.77,4.63,826.39,3.84,867.30,1.57,
2011-01-01,,,,,,,,,,,,96.62
2011-02-01,49282.00,1.69,-0.38,934.75,4.47,955.17,4.84,829.86,4.00,872.83,1.75,
2011-04-01,,,,,,,,,,,,96.17
2011-05-01,49700.00,0.85,-0.09,943.72,5.28,965.81,6.99,837.50,4.42,877.57,1.83,
2011-07-01,,,,,,,,,,,,97.05
2011-08-01,50230.00,1.07,2.42,947.80,4.59,981.76,6.16,843.06,3.67,881.52,1.82,
2011-10-01,,,,,,,,,,,,97.56
2011-11-01,50647.00,0.83,4.51,944.54,1.85,959.73,1.69,845.83,2.35,884.68,2.00,
2012-01-01,,,,,,,,,,,,98.08
2012-02-01,50746.00,0.20,2.97,949.43,1.57,961.25,0.64,851.39,2.59,892.58,2.26,
2012-04-01,,,,,,,,,,,,98.90
2012-05-01,51073.00,0.64,2.76,952.69,0.95,962.01,-0.39,859.72,2.65,897.31,2.25,
2012-07-01,,,,,,,,,,,,100.60
2012-08-01,51392.00,0.62,2.31,955.14,0.77,972.64,-0.93,866.67,2.80,902.84,2.42,
2012-10-01,,,,,,,,,,,,102.87
2012-11-01,51967.00,1.12,2.61,953.51,0.95,955.17,-0.48,871.53,3.04,906.00,2.41,
2013-01-01,,,,,,,,,,,,104.78
2013-02-01,52239.00,0.52,2.94,957.59,0.86,962.01,0.08,876.39,2.94,912.32,2.21,
2013-04-01,,,,,,,,,,,,106.83
2013-05-01,51999.00,-0.46,1.81,959.22,0.68,963.53,0.16,886.11,3.07,916.27,2.11,
2013-07-01,,,,,,,,,,,,109.15
2013-08-01,52465.00,0.90,2.09,968.19,1.37,980.24,0.78,894.44,3.21,921.01,2.01,
2013-10-01,,,,,,,,,,,,110.30
2013-11-01,52760.00,0.56,1.53,969.00,1.63,967.33,1.27,899.31,3.19,924.96,2.09,
2014-01-01,,,,,,,,,,,,111.07
2014-02-01,53345.00,1.11,2.12,972.27,1.53,969.60,0.79,905.56,3.33,930.49,1.99,
2014-04-01,,,,,,,,,,,,111.89
2014-05-01,53594.00,0.47,3.07,974.71,1.62,978.72,1.58,915.97,3.37,936.02,2.16,
2014-07-01,,,,,,,,,,,,113.26
2014-08-01,54273.00,1.27,3.45,977.98,1.01,978.72,-0.16,925.00,3.42,941.55,2.23,
2014-10-01,,,,,,,,,,,,117.30
2014-11-01,54983.00,1.31,4.21,976.35,0.76,971.88,0.47,928.47,3.24,944.71,2.13,
2015-01-01,,,,,,,,,,,,121.20
2015-02-01,55422.00,0.80,3.89,974.71,0.25,981.00,1.18,932.64,2.99,951.82,2.29,
2015-04-01,,,,,,,,,,,,124.86
2015-05-01,55874.00,0.82,4.25,978.79,0.42,980.24,0.16,938.89,2.50,957.35,2.28,
2015-07-01,,,,,,,,,,,,130.24
2015-08-01,56655.00,1.40,4.39,982.06,0.42,986.32,0.78,950.00,2.70,962.88,2.27,
2015-10-01,,,,,,,,,,,,132.00
2015-11-01,57214.00,0.99,4.06,977.16,0.08,965.81,-0.63,954.86,2.84,968.40,2.51,
2016-01-01,,,,,,,,,,,,136.59
2016-02-01,57781.00,0.99,4.26,978.79,0.42,977.20,-0.39,960.42,2.98,973.93,2.32,
2016-04-01,,,,,,,,,,,,143.21
2016-05-01,58460.00,1.18,4.63,982.87,0.42,980.24,0.00,970.14,3.33,979.46,2.31,
2016-07-01,,,,,,,,,,,,147.95
2016-08-01,58927.00,0.80,4.01,986.13,0.42,984.04,-0.23,980.56,3.22,983.41,2.13,
2016-10-01,,,,,,,,,,,,148.85
2016-11-01,59032.00,0.18,3.18,990.21,1.34,971.88,0.63,986.11,3.27,988.15,2.04,
2017-01-01,,,,,,,,,,,,149.87
2017-02-01,59894.00,1.46,3.66,1000.00,2.17,993.16,1.63,991.67,3.25,996.05,2.27,
2017-04-01,,,,,,,,,,,,150.16
2017-05-01,60540.00,1.08,3.56,1000.00,1.74,1000.00,2.02,1000.00,3.08,1000.00,2.10,
2017-07-01,,,,,,,,,,,,150.49
2017-08-01,61183.00,1.06,3.83,1004.89,1.90,1011.40,2.78,1010.42,3.05,1005.53,2.25,
2017-10-01,,,,,,,,,,,,152.46
2017-11-01,61970.00,1.29,4.98,1006.00,1.59,994.00,2.28,1016.00,3.03,1011.00,2.31,
2018-01-01,,,,,,,,,,,,153.55
2018-02-01,62646.00,1.09,4.59,1011.00,1.10,999.00,0.59,1022.00,3.06,1017.00,2.10,
2018-04-01,,,,,,,,,,,,153.28
2018-05-01,63195.00,0.88,4.39,1015.00,1.50,1007.00,0.70,1031.00,3.10,1025.00,2.50,
2018-07-01,,,,,,,,,,,,153.38
2018-08-01,63234.00,0.06,3.35,1024.00,1.90,1013.00,0.16,1042.00,3.13,1029.00,2.33,
2018-10-01,,,,,,,,,,,,154.60
2018-11-01,64251.00,1.61,3.68,1025.00,1.89,1000.00,0.60,1047.00,3.05,1035.00,2.37,
2019-01-01,,,,,,,,,,,,155.22
2019-02-01,65042.00,1.23,3.82,1026.00,1.48,1012.00,1.30,1053.00,3.03,1041.00,2.36,
2019-04-01,,,,,,,,,,,,153.78
2019-05-01,65037.00,-0.01,2.91,1032.00,1.67,1018.00,1.09,1060.00,2.81,1051.00,2.54,
2019-07-01,,,,,,,,,,,,155.85
2019-08-01,65577.00,0.83,3.71,1039.00,1.46,1031.00,1.78,1073.00,2.98,1059.00,2.92,
2019-10-01,,,,,,,,,,,,159.03
2019-11-01,66042.00,0.71,2.79,1044.00,1.85,1025.00,2.50,1078.00,2.96,1067.00,3.09,
2020-01-01,,,,,,,,,,,,162.82
2020-02-01,65502.00,-0.82,0.71,1052.00,2.53,1045.00,3.26,1088.00,3.32,1080.00,3.75,
2020-04-01,,,,,,,,,,,,161.89
2020-05-01,58968.00,-9.98,-9.33,1047.00,1.45,1056.00,3.73,1094.00,3.21,1087.00,3.43,
2020-07-01,,,,,,,,,,,,168.97
2020-08-01,67227.00,14.01,2.52,1054.00,1.44,1069.00,3.69,1101.00,2.61,1092.00,3.12,
2020-10-01,,,,,,,,,,,,181.97
2020-11-01,67548.00,0.48,2.28,1059.00,1.44,1051.00,2.54,1106.00,2.60,1098.00,2.91,
2021-01-01,,,,,,,,,,,,196.86
2021-02-01,68916.00,2.03,5.21,1068.00,1.52,1057.00,1.15,1116.00,2.57,1109.00,2.69,
2021-04-01,,,,,,,,,,,,201.33
2021-05-01,69458.00,0.79,17.79,1082.00,3.34,1073.00,1.61,1137.00,3.93,1119.00,2.94,
2021-07-01,,,,,,,,,,,,207.20
2021-08-01,66392.00,-4.41,-1.24,1106.00,4.93,1102.00,3.09,1167.00,5.99,1127.00,3.21,
2021-10-01,,,,,,,,,,,,216.28
2021-11-01,69099.00,4.08,2.30,1122.00,5.95,1094.00,4.09,1190.00,7.59,1140.00,3.83,
2022-01-01,,,,,,,,,,,,209.12
2022-02-01,69143.00,0.06,0.33,1142.00,6.93,1128.00,6.72,1212.00,8.60,1153.00,3.97,
2022-04-01,,,,,,,,,,,,197.21
2022-05-01,70031.00,1.28,0.82,1161.00,7.30,1143.00,6.52,1240.00,9.06,1167.00,4.29,
2022-07-01,,,,,,,,,,,,186.18
2022-08-01,71582.00,2.21,7.82,1186.00,7.23,1190.00,7.99,1269.00,8.74,1179.00,4.61,
2022-10-01,,,,,,,,,,,,179.96
2022-11-01,71797.00,0.30,3.90,1203.00,7.22,1211.00,10.69,1285.00,7.98,1190.00,4.39,
2023-01-01,,,,,,,,,,,,173.19
2023-02-01,71675.00,-0.17,3.66,1218.00,6.65,1256.00,11.35,1298.00,7.10,1203.00,4.34,
2023-04-01,,,,,,,,,,,,169.45
2023-05-01,72201.00,0.73,3.10,1231.00,6.03,1284.00,12.34,1314.00,5.97,1216.00,4.20,
2023-07-01,,,,,,,,,,,,169.07
2023-08-01,72110.00,-0.13,0.74,1253.00,5.65,1295.00,8.82,1336.00,5.28,1231.00,4.41,
2023-10-01,,,,,,,,,,,,170.89
2023-11-01,72428.00,0.44,0.88,1259.00,4.66,1280.00,5.70,1347.00,4.82,1244.00,4.54,
2024-01-01,,,,,,,,,,,,169.95
2024-02-01,72522.00,0.13,1.18,1267.00,4.02,1286.00,2.39,1357.00,4.55,1259.00,4.66,
2024-04-01,,,,,,,,,,,,165.96
2024-05-01,72228.00,-0.41,0.04,1272.00,3.33,1287.00,0.23,1372.00,4.41,1274.00,4.77,
2024-07-01,,,,,,,,,,,,163.86
2024-08-01,71288.00,-1.30,-1.14,1280.00,2.15,1304.00,0.69,1398.00,4.64,1286.00,4.47,
2024-10-01,,,,,,,,,,,,164.52
2024-11-01,71423.00,0.19,-1.39,1287.00,2.22,1297.00,1.33,1405.00,4.31,1296.00,4.18,
2025-01-01,,,,,,,,,,,,162.61
2025-02-01,72271.00,1.19,-0.35,1299.00,2.53,1320.00,2.64,1415.00,4.27,1305.00,3.65,
2025-04-01,,,,,,,,,,,,159.86
2025-05-01,71671.00,-0.83,-0.77,1306.00,2.67,1341.00,4.20,1427.00,4.01,1315.00,3.22,
2025-07-01,,,,,,,,,,,,158.11
2025-08-01,72607.00,1.31,1.85,1319.00,3.05,1364.00,4.60,1447.00,3.51,1319.00,2.57,
2025-11-01,,,,1327.00,3.11,1353.00,4.32,1454.00,3.49,1321.00,1.93,
