date,consumer_confidence,mortgage_2yr,petrol_price
1990-01-01,98.99,,
1990-02-01,98.99,,
1990-03-01,99.05,,
1990-04-01,99.11,,
1990-05-01,99.16,,
1990-06-01,99.15,,
1990-07-01,99.05,,
1990-08-01,98.87,,
1990-09-01,98.55,,
1990-10-01,98.08,,
1990-11-01,97.54,,
1990-12-01,97.08,,
1991-01-01,96.82,,
1991-02-01,96.74,,
1991-03-01,96.81,,
1991-04-01,97.05,,
1991-05-01,97.33,,
1991-06-01,97.5,,
1991-07-01,97.43,,
1991-08-01,97.25,,
1991-09-01,97.13,,
1991-10-01,97.19,,
1991-11-01,97.42,,
1991-12-01,97.82,,
1992-01-01,98.38,,
1992-02-01,98.97,,
1992-03-01,99.42,,
1992-04-01,99.58,,
1992-05-01,99.59,,
1992-06-01,99.58,,
1992-07-01,99.67,,
1992-08-01,99.81,,
1992-09-01,99.95,,
1992-10-01,100.03,,
1992-11-01,100.08,,
1992-12-01,100.11,,
1993-01-01,100.14,,
1993-02-01,100.19,,
1993-03-01,100.32,,
1993-04-01,100.55,,
1993-05-01,100.85,,
1993-06-01,101.16,,
1993-07-01,101.46,,
1993-08-01,101.72,,
1993-09-01,101.89,,
1993-10-01,101.94,,
1993-11-01,101.93,,
1993-12-01,101.94,,
1994-01-01,102.01,,
1994-02-01,102.13,,
1994-03-01,102.26,,
1994-04-01,102.39,,
1994-05-01,102.49,,
1994-06-01,102.52,,
1994-07-01,102.44,,
1994-08-01,102.29,,
1994-09-01,102.1,,
1994-10-01,101.89,,
1994-11-01,101.69,,
1994-12-01,101.53,,
1995-01-01,101.43,,
1995-02-01,101.4,,
1995-03-01,101.46,,
1995-04-01,101.63,,
1995-05-01,101.83,,
1995-06-01,102.01,,
1995-07-01,102.08,,
1995-08-01,102.07,,
1995-09-01,102.0,,
1995-10-01,101.88,,
1995-11-01,101.78,,
1995-12-01,101.78,,
1996-01-01,101.91,,
1996-02-01,102.06,,
1996-03-01,102.04,,
1996-04-01,101.69,,
1996-05-01,101.23,,
1996-06-01,100.91,,
1996-07-01,100.92,,
1996-08-01,101.13,,
1996-09-01,101.36,,
1996-10-01,101.49,,
1996-11-01,101.51,,
1996-12-01,101.45,,
1997-01-01,101.29,,
1997-02-01,101.08,,
1997-03-01,100.88,,
1997-04-01,100.7,,
1997-05-01,100.54,,
1997-06-01,100.4,,
1997-07-01,100.3,,
1997-08-01,100.22,,
1997-09-01,100.16,,
1997-10-01,100.1,,
1997-11-01,100.05,,
1997-12-01,99.96,,
1998-01-01,99.8,,
1998-02-01,99.6,,
1998-03-01,99.34,,
1998-04-01,99.03,,
1998-05-01,98.74,,
1998-06-01,98.55,,
1998-07-01,98.55,,
1998-08-01,98.7,,
1998-09-01,98.93,,
1998-10-01,99.26,,
1998-11-01,99.62,,
1998-12-01,99.99,,
1999-01-01,100.33,,
1999-02-01,100.62,,
1999-03-01,100.81,,
1999-04-01,100.83,,
1999-05-01,100.76,,
1999-06-01,100.69,,
1999-07-01,100.67,,
1999-08-01,100.7,,
1999-09-01,100.8,,
1999-10-01,100.98,,
1999-11-01,101.2,,
1999-12-01,101.42,,
2000-01-01,101.57,,
2000-02-01,101.61,,
2000-03-01,101.43,,
2000-04-01,100.94,,
2000-05-01,100.28,,
2000-06-01,99.67,,
2000-07-01,99.25,,
2000-08-01,99.04,,
2000-09-01,99.09,,
2000-10-01,99.46,,
2000-11-01,100.0,,
2000-12-01,100.54,,
2001-01-01,100.96,,
2001-02-01,101.26,,
2001-03-01,101.41,,
2001-04-01,101.37,,
2001-05-01,101.22,,
2001-06-01,101.07,,
2001-07-01,100.97,,
2001-08-01,100.92,,
2001-09-01,100.92,,
2001-10-01,100.99,,
2001-11-01,101.09,,
2001-12-01,101.19,,
2002-01-01,101.27,,
2002-02-01,101.33,,
2002-03-01,101.38,,
2002-04-01,101.42,,
2002-05-01,101.44,,
2002-06-01,101.45,,
2002-07-01,101.42,,
2002-08-01,101.38,,
2002-09-01,101.35,,
2002-10-01,101.32,,
2002-11-01,101.28,,
2002-12-01,101.18,,
2003-01-01,100.97,,
2003-02-01,100.75,,
2003-03-01,100.63,,
2003-04-01,100.71,,
2003-05-01,100.91,,
2003-06-01,101.15,,
2003-07-01,101.37,,
2003-08-01,101.56,,
2003-09-01,101.73,,
2003-10-01,101.86,,
2003-11-01,101.95,,
2003-12-01,102.0,,
2004-01-01,101.97,,
2004-02-01,101.9,,
2004-03-01,101.81,,
2004-04-01,101.72,,113.75
2004-05-01,101.64,,121.1
2004-06-01,101.61,,119.925
2004-07-01,101.67,,115.02000000000001
2004-08-01,101.8,,121.575
2004-09-01,101.96,,120.4
2004-10-01,102.15,,122.47999999999999
2004-11-01,102.33,,120.2
2004-12-01,102.43,,113.8
2004-12-31,,7.61,
2005-01-01,102.4,,114.875
2005-01-31,,7.61,
2005-02-01,102.28,,118.05
2005-02-28,,7.67,
2005-03-01,102.09,,121.525
2005-03-31,,7.73,
2005-04-01,101.87,,128.54000000000002
2005-04-30,,7.75,
2005-05-01,101.65,,123.9
2005-05-31,,7.73,
2005-06-01,101.48,,126.25
2005-06-30,,7.64,
2005-07-01,101.41,,134.26
2005-07-31,,7.63,
2005-08-01,101.36,,142.05
2005-08-31,,7.64,
2005-09-01,101.23,,152.32
2005-09-30,,7.71,
2005-10-01,100.97,,148.125
2005-10-31,,7.92,
2005-11-01,100.64,,138.625
2005-11-30,,8.22,
2005-12-01,100.36,,134.3
2005-12-31,,8.27,
2006-01-01,100.21,,141.25
2006-01-31,,8.13,
2006-02-01,100.13,,143.85
2006-02-28,,7.97,
2006-03-01,100.07,,150.72
2006-03-31,,7.84,
2006-04-01,99.97,,162.2
2006-04-30,,7.75,
2006-05-01,99.88,,170.9
2006-05-31,,7.92,
2006-06-01,99.86,,169.76
2006-06-30,,7.97,
2006-07-01,99.97,,173.10000000000002
2006-07-31,,8.21,
2006-08-01,100.17,,173.425
2006-08-31,,8.13,
2006-09-01,100.44,,154.54000000000002
2006-09-30,,8.03,
2006-10-01,100.73,,143.9
2006-10-31,,8.06,
2006-11-01,101.02,,139.8
2006-11-30,,8.08,
2006-12-01,101.21,,142.32
2006-12-31,,8.18,
2007-01-01,101.26,,139.825
2007-01-31,,8.23,
2007-02-01,101.19,,141.55
2007-02-28,,8.38,
2007-03-01,101.05,,151.92000000000002
2007-03-31,,8.71,
2007-04-01,100.84,,153.05
2007-04-30,,8.83,
2007-05-01,100.63,,154.9
2007-05-31,,8.84,
2007-06-01,100.49,,155.18
2007-06-30,,9.16,
2007-07-01,100.47,,156.3
2007-07-31,,9.19,
2007-08-01,100.52,,155.18
2007-08-31,,9.22,
2007-09-01,100.55,,162.25
2007-09-30,,9.12,
2007-10-01,100.5,,160.5
2007-10-31,,9.14,
2007-11-01,100.37,,169.9
2007-11-30,,9.26,
2007-12-01,100.11,,171.225
2007-12-31,,9.38,
2008-01-01,99.7,,173.05
2008-01-31,,9.5,
2008-02-01,99.17,,171.24
2008-02-29,,9.55,
2008-03-01,98.59,,176.825
2008-03-31,,9.63,
2008-04-01,98.01,,182.75
2008-04-30,,9.62,
2008-05-01,97.56,,193.57999999999998
2008-05-31,,9.34,
2008-06-01,97.47,,207.5
2008-06-30,,9.2,
2008-07-01,97.92,,214.7
2008-07-31,,9.03,
2008-08-01,98.64,,202.1
2008-08-31,,8.96,
2008-09-01,99.24,,198.475
2008-09-30,,8.62,
2008-10-01,99.45,,184.56
2008-10-31,,8.24,
2008-11-01,99.4,,155.55
2008-11-30,,7.46,
2008-12-01,99.22,,140.75
2008-12-31,,7.1,
2009-01-01,99.0,,141.98
2009-01-31,,6.31,
2009-02-01,98.82,,167.025
2009-02-28,,5.93,
2009-03-01,98.78,,161.05
2009-03-31,,6.17,
2009-04-01,98.98,,158.9
2009-04-30,,6.24,
2009-05-01,99.35,,159.62
2009-05-31,,6.23,
2009-06-01,99.81,,167.325
2009-06-30,,6.26,
2009-07-01,100.33,,163.04000000000002
2009-07-31,,6.3,
2009-08-01,100.83,,168.175
2009-08-31,,6.52,
2009-09-01,101.18,,165.05
2009-09-30,,6.62,
2009-10-01,101.26,,158.92000000000002
2009-10-31,,7.08,
2009-11-01,101.17,,165.9
2009-11-30,,7.12,
2009-12-01,101.04,,165.625
2009-12-31,,7.22,
2010-01-01,100.92,,170.5857142857144
2010-01-31,,7.22,
2010-02-01,100.84,,172.9
2010-02-28,,7.18,
2010-03-01,100.85,,179.4
2010-03-31,,7.15,
2010-04-01,100.95,,180.6142857142856
2010-04-30,,7.08,
2010-05-01,101.08,,177.542857142857
2010-05-31,,7.18,
2010-06-01,101.15,,173.43571428571425
2010-06-30,,7.13,
2010-07-01,101.08,,176.2428571428572
2010-07-31,,6.94,
2010-08-01,100.91,,176.25714285714275
2010-08-31,,6.79,
2010-09-01,100.71,,173.9
2010-09-30,,6.73,
2010-10-01,100.48,,182.3857142857142
2010-10-31,,6.73,
2010-11-01,100.22,,184.9
2010-11-30,,6.68,
2010-12-01,99.91,,194.1
2010-12-31,,6.66,
2011-01-01,99.56,,198.9
2011-01-31,,6.66,
2011-02-01,99.25,,201.0785714285715
2011-02-28,,6.59,
2011-03-01,99.15,,214.50714285714298
2011-03-31,,6.44,
2011-04-01,99.41,,218.9
2011-04-30,,6.44,
2011-05-01,99.85,,214.15
2011-05-31,,6.42,
2011-06-01,100.25,,206.75714285714275
2011-06-30,,6.42,
2011-07-01,100.45,,207.12857142857143
2011-07-31,,6.41,
2011-08-01,100.47,,203.257142857143
2011-08-31,,6.41,
2011-09-01,100.32,,208.4142857142856
2011-09-30,,6.34,
2011-10-01,100.02,,209.9
2011-10-31,,6.21,
2011-11-01,99.66,,207.3285714285715
2011-11-30,,5.96,
2011-12-01,99.38,,206.9
2011-12-31,,5.94,
2012-01-01,99.26,,210.29285714285726
2012-01-31,,5.86,
2012-02-01,99.24,,210.9
2012-02-29,,5.82,
2012-03-01,99.23,,218.3
2012-03-31,,5.81,
2012-04-01,99.19,,219.9
2012-04-30,,5.81,
2012-05-01,99.13,,218.9
2012-05-31,,5.56,
2012-06-01,99.1,,206.9857142857142
2012-06-30,,5.55,
2012-07-01,99.14,,202.792857142857
2012-07-31,,5.56,
2012-08-01,99.25,,217.8428571428572
2012-08-31,,5.54,
2012-09-01,99.43,,218.29285714285726
2012-09-30,,5.47,
2012-10-01,99.7,,215.86428571428576
2012-10-31,,5.4,
2012-11-01,99.99,,210.87142857142862
2012-11-30,,5.42,
2012-12-01,100.21,,210.04285714285726
2012-12-31,,5.51,
2013-01-01,100.31,,211.68571428571425
2013-01-31,,5.53,
2013-02-01,100.35,,216.9357142857145
2013-02-28,,5.52,
2013-03-01,100.41,,218.9571428571428
2013-03-31,,5.52,
2013-04-01,100.55,,209.50714285714275
2013-04-30,,5.49,
2013-05-01,100.73,,207.1857142857144
2013-05-31,,5.47,
2013-06-01,100.86,,214.9
2013-06-30,,5.54,
2013-07-01,100.9,,224.007142857143
2013-07-31,,5.65,
2013-08-01,100.9,,219.6714285714284
2013-08-31,,5.76,
2013-09-01,100.92,,219.4
2013-09-30,,5.82,
2013-10-01,101.03,,212.79285714285726
2013-10-31,,5.83,
2013-11-01,101.18,,212.2428571428572
2013-11-30,,5.85,
2013-12-01,101.33,,216.68571428571425
2013-12-31,,6.02,
2014-01-01,101.43,,217.27142857142863
2014-01-31,,6.08,
2014-02-01,101.5,,216.18571428571425
2014-02-28,,6.02,
2014-03-01,101.54,,216.9
2014-03-31,,6.23,
2014-04-01,101.55,,215.3285714285715
2014-04-30,,6.25,
2014-05-01,101.52,,216.9857142857144
2014-05-31,,6.21,
2014-06-01,101.45,,219.61428571428576
2014-06-30,,6.23,
2014-07-01,101.32,,222.507142857143
2014-07-31,,6.3,
2014-08-01,101.16,,219.6142857142856
2014-08-31,,6.25,
2014-09-01,101.01,,219.8285714285715
2014-09-30,,6.31,
2014-10-01,100.9,,217.9
2014-10-31,,6.27,
2014-11-01,100.83,,209.54285714285726
2014-11-30,,6.18,
2014-12-01,100.82,,196.66428571428577
2014-12-31,,6.16,
2015-01-01,100.88,,179.1285714285716
2015-01-31,,6.14,
2015-02-01,100.95,,188.292857142857
2015-02-28,,5.99,
2015-03-01,100.98,,194.4714285714285
2015-03-31,,5.98,
2015-04-01,100.9,,194.9714285714285
2015-04-30,,5.92,
2015-05-01,100.75,,205.41428571428577
2015-05-31,,5.79,
2015-06-01,100.53,,209.0785714285715
2015-06-30,,5.61,
2015-07-01,100.28,,209.9571428571428
2015-07-31,,5.56,
2015-08-01,100.04,,203.007142857143
2015-08-31,,5.43,
2015-09-01,99.91,,202.9
2015-09-30,,5.32,
2015-10-01,99.95,,200.3571428571428
2015-10-31,,5.25,
2015-11-01,100.08,,194.9714285714285
2015-11-30,,5.25,
2015-12-01,100.21,,188.54285714285726
2015-12-31,,5.23,
2016-01-01,100.25,,183.0428571428572
2016-01-31,,5.21,
2016-02-01,100.22,,177.00714285714275
2016-02-29,,5.18,
2016-03-01,100.14,,182.75714285714275
2016-03-31,,5.12,
2016-04-01,100.02,,187.7285714285714
2016-04-30,,5.09,
2016-05-01,99.9,,193.2214285714285
2016-05-31,,5.04,
2016-06-01,99.82,,195.36428571428576
2016-06-30,,5.05,
2016-07-01,99.83,,184.9
2016-07-31,,5.05,
2016-08-01,99.9,,181.68571428571425
2016-08-31,,5.06,
2016-09-01,100.02,,188.1857142857142
2016-09-30,,5.06,
2016-10-01,100.19,,195.72142857142876
2016-10-31,,5.06,
2016-11-01,100.36,,192.47142857142876
2016-11-30,,5.09,
2016-12-01,100.48,,200.07142857142838
2016-12-31,,5.14,
2017-01-01,100.51,,207.15
2017-01-31,,5.04,
2017-02-01,100.49,,207.61428571428576
2017-02-28,,5.05,
2017-03-01,100.48,,205.3571428571428
2017-03-31,,5.08,
2017-04-01,100.5,,205.4
2017-04-30,,5.07,
2017-05-01,100.54,,202.9
2017-05-31,,5.09,
2017-06-01,100.58,,194.5
2017-06-30,,5.09,
2017-07-01,100.57,,186.4
2017-07-31,,5.14,
2017-08-01,100.52,,195.3642857142855
2017-08-31,,5.1,
2017-09-01,100.43,,203.9571428571428
2017-09-30,,5.08,
2017-10-01,100.28,,203.54285714285726
2017-10-31,,5.08,
2017-11-01,100.12,,211.4
2017-11-30,,5.08,
2017-12-01,100.04,,212.72857142857143
2017-12-31,,5.08,
2018-01-01,100.08,,212.11428571428576
2018-01-31,,5.08,
2018-02-01,100.19,,210.11428571428576
2018-02-28,,5.08,
2018-03-01,100.26,,207.3
2018-03-31,,5.06,
2018-04-01,100.25,,212.3285714285715
2018-04-30,,5.05,
2018-05-01,100.16,,224.257142857143
2018-05-31,,5.02,
2018-06-01,100.01,,224.8506662713732
2018-06-30,,5.02,
2018-07-01,99.84,,223.60435018015227
2018-07-31,,5.01,
2018-08-01,99.68,,230.156016547957
2018-08-31,,5.0,
2018-09-01,99.62,,239.48064697055676
2018-09-30,,4.93,
2018-10-01,99.71,,247.69466883842927
2018-10-31,,4.92,
2018-11-01,99.86,,222.1546027258434
2018-11-30,,4.91,
2018-12-01,99.95,,206.64169776556
2018-12-31,,4.93,
2019-01-01,99.89,,205.18019233723624
2019-01-31,,4.93,
2019-02-01,99.73,,210.11241475726376
2019-02-28,,4.92,
2019-03-01,99.58,,218.9100300111514
2019-03-31,,4.81,
2019-04-01,99.5,,229.9447372152265
2019-04-30,,4.78,
2019-05-01,99.46,,229.94473721522658
2019-05-31,,4.73,
2019-06-01,99.44,,221.74929663403248
2019-06-30,,4.69,
2019-07-01,99.43,,224.40162276526848
2019-07-31,,4.67,
2019-08-01,99.45,,226.69998340812157
2019-08-31,,4.59,
2019-09-01,99.53,,231.16782465777925
2019-09-30,,4.48,
2019-10-01,99.72,,233.896639690455
2019-10-31,,4.41,
2019-11-01,99.93,,237.0629652687072
2019-11-30,,4.42,
2019-12-01,100.05,,239.21035306280027
2019-12-31,,4.44,
2020-01-01,99.98,,240.0089318428972
2020-01-31,,4.44,
2020-02-01,99.8,,232.292220374268
2020-02-29,,4.45,
2020-03-01,99.55,,208.568267116465
2020-03-31,,4.22,
2020-04-01,99.28,,197.61228122010925
2020-04-30,,4.19,
2020-05-01,99.01,,200.23937089923078
2020-05-31,,3.92,
2020-06-01,98.78,,202.701983432897
2020-06-30,,3.74,
2020-07-01,98.63,,206.6691506771912
2020-07-31,,3.7,
2020-08-01,98.58,,207.39528933874826
2020-08-31,,3.68,
2020-09-01,98.67,,207.5403412966015
2020-09-30,,3.63,
2020-10-01,98.95,,203.8933279109718
2020-10-31,,3.55,
2020-11-01,99.3,,202.99682041550452
2020-11-30,,3.51,
2020-12-01,99.59,,204.51815556725674
2020-12-31,,3.51,
2021-01-01,99.71,,208.4302106940038
2021-01-31,,3.49,
2021-02-01,99.73,,213.84417851875625
2021-02-28,,3.47,
2021-03-01,99.73,,219.62550874804901
2021-03-31,,3.47,
2021-04-01,99.76,,218.9899817825376
2021-04-30,,3.46,
2021-05-01,99.8,,223.62031668904825
2021-05-31,,3.47,
2021-06-01,99.8,,231.34979526694175
2021-06-30,,3.47,
2021-07-01,99.71,,237.2495407671724
2021-07-31,,3.67,
2021-08-01,99.56,,240.79538737949824
2021-08-31,,3.69,
2021-09-01,99.41,,243.35274879036774
2021-09-30,,3.87,
2021-10-01,99.26,,257.2104431135242
2021-10-31,,4.22,
2021-11-01,99.11,,268.64202374913225
2021-11-30,,4.65,
2021-12-01,98.94,,262.3295259417306
2021-12-31,,4.73,
2022-01-01,98.71,,255.15836587405525
2022-01-31,,4.71,
2022-02-01,98.42,,269.943005303777
2022-02-28,,4.75,
2022-03-01,98.05,,284.9172461404865
2022-03-31,,5.04,
2022-04-01,97.6,,268.8459002739144
2022-04-30,,5.55,
2022-05-01,97.18,,291.23788169324376
2022-05-31,,5.62,
2022-06-01,96.94,,305.73818496067173
2022-06-30,,5.99,
2022-07-01,97.03,,300.1171768660946
2022-07-31,,5.94,
2022-08-01,97.24,,265.686329685794
2022-08-31,,5.91,
2022-09-01,97.33,,266.0530779776682
2022-09-30,,6.06,
2022-10-01,97.13,,264.25254159674523
2022-10-31,,6.47,
2022-11-01,96.78,,263.8619778592785
2022-11-30,,6.75,
2022-12-01,96.47,,249.7481921392034
2022-12-31,,7.08,
2023-01-01,96.37,,248.76706526269325
2023-01-31,,7.08,
2023-02-01,96.41,,251.33059914029099
2023-02-28,,7.0,
2023-03-01,96.54,,248.7698275678898
2023-03-31,,7.03,
2023-04-01,96.73,,252.62603149405751
2023-04-30,,7.07,
2023-05-01,96.9,,243.60970332415374
2023-05-31,,7.1,
2023-06-01,97.01,,244.054283289885
2023-06-30,,7.15,
2023-07-01,96.99,,270.80674964110676
2023-07-31,,7.32,
2023-08-01,96.94,,287.306829694008
2023-08-31,,7.42,
2023-09-01,96.96,,300.64865598295836
2023-09-30,,7.5,
2023-10-01,97.15,,298.65194823767825
2023-10-31,,7.6,
2023-11-01,97.45,,290.7982236155715
2023-11-30,,7.59,
2023-12-01,97.75,,277.0296402624892
2023-12-31,,7.54,
2024-01-01,97.99,,272.52933349926275
2024-01-31,,7.48,
2024-02-01,98.12,,283.068696457676
2024-02-29,,7.45,
2024-03-01,98.08,,287.096287411047
2024-03-31,,7.4,
2024-04-01,97.82,,291.7167050712828
2024-04-30,,7.38,
2024-05-01,97.49,,285.8386862142148
2024-05-31,,7.36,
2024-06-01,97.29,,272.56566045234473
2024-06-30,,7.35,
2024-07-01,97.38,,270.95129816300175
2024-07-31,,7.15,
2024-08-01,97.65,,267.4863405084398
2024-08-31,,6.66,
2024-09-01,97.98,,257.72087364479876
2024-09-30,,6.48,
2024-10-01,98.29,,256.630538126283
2024-10-31,,6.29,
2024-11-01,98.52,,260.93022777817924
2024-11-30,,6.27,
2024-12-01,98.59,,264.167110260054
2024-12-31,,6.12,
2025-01-01,98.44,,273.0708792114608
2025-01-31,,6.03,
2025-02-01,98.19,,273.64704692589123
2025-02-28,,5.72,
2025-03-01,97.99,,268.34510970071153
2025-03-31,,5.73,
2025-04-01,97.92,,264.68129899264824
2025-04-30,,5.66,
2025-05-01,97.95,,258.2917186266402
2025-05-31,,5.63,
2025-06-01,98.0,,256.97643341549525
2025-06-30,,5.59,
2025-07-01,98.02,,260.1569811429317
2025-07-31,,5.59,
2025-08-01,98.04,,258.3854489325658
2025-08-31,,5.46,
2025-09-01,98.1,,259.8812482726793
2025-09-30,,5.42,
2025-10-01,98.24,,260.5346690117978
2025-10-31,,5.2,
2025-11-01,98.44,,264.4986413531998
2025-11-30,,5.18,
2025-12-01,98.65,,265.23755396619674
2025-12-31,,5.32,
2026-01-01,,,259.3188628527422
2026-01-31,,5.32,
2026-02-01,,,255.84082044718468
2026-02-28,,5.41,
