date,election_cycle,pollster,sample_size,candidate,percent
1997-05-13,1999,One News Colmar Brunton,,Anderton,6.0
1997-05-13,1999,One News Colmar Brunton,,Bolger,20.0
1997-05-13,1999,One News Colmar Brunton,,Clark,21.0
1997-05-13,1999,One News Colmar Brunton,,Moore,5.0
1997-05-13,1999,One News Colmar Brunton,,Peters,4.0
1997-05-13,1999,One News Colmar Brunton,,Shipley,6.0
1997-06-25,1999,One News Colmar Brunton,,Anderton,5.0
1997-06-25,1999,One News Colmar Brunton,,Bolger,21.0
1997-06-25,1999,One News Colmar Brunton,,Clark,26.0
1997-06-25,1999,One News Colmar Brunton,,Moore,4.0
1997-06-25,1999,One News Colmar Brunton,,Peters,4.0
1997-06-25,1999,One News Colmar Brunton,,Shipley,4.0
1997-08-13,1999,One News Colmar Brunton,,Anderton,7.0
1997-08-13,1999,One News Colmar Brunton,,Bolger,20.0
1997-08-13,1999,One News Colmar Brunton,,Clark,25.0
1997-08-13,1999,One News Colmar Brunton,,Peters,3.0
1997-08-13,1999,One News Colmar Brunton,,Shipley,9.0
1997-12-10,1999,One News Colmar Brunton,,Bolger,5.0
1997-12-10,1999,One News Colmar Brunton,,Clark,28.0
1997-12-10,1999,One News Colmar Brunton,,Peters,2.0
1997-12-10,1999,One News Colmar Brunton,,Shipley,27.0
1998-02-12,1999,One News Colmar Brunton,,Anderton,5.0
1998-02-12,1999,One News Colmar Brunton,,Bolger,3.0
1998-02-12,1999,One News Colmar Brunton,,Clark,26.0
1998-02-12,1999,One News Colmar Brunton,,Moore,3.0
1998-02-12,1999,One News Colmar Brunton,,Peters,1.0
1998-02-12,1999,One News Colmar Brunton,,Shipley,27.0
1998-02-15,1999,TV3-CM Research,,Anderton,5.0
1998-02-15,1999,TV3-CM Research,,Bolger,4.0
1998-02-15,1999,TV3-CM Research,,Clark,28.0
1998-02-15,1999,TV3-CM Research,,Moore,5.0
1998-02-15,1999,TV3-CM Research,,Peters,2.0
1998-02-15,1999,TV3-CM Research,,Shipley,20.0
1998-03-25,1999,One News Colmar Brunton,,Anderton,4.0
1998-03-25,1999,One News Colmar Brunton,,Bolger,3.0
1998-03-25,1999,One News Colmar Brunton,,Clark,23.0
1998-03-25,1999,One News Colmar Brunton,,Moore,3.0
1998-03-25,1999,One News Colmar Brunton,,Peters,3.0
1998-03-25,1999,One News Colmar Brunton,,Shipley,31.0
1998-07-10,1999,TV3-CM Research,,Clark,21.0
1998-07-10,1999,TV3-CM Research,,Shipley,22.0
1998-08-11,1999,One News Colmar Brunton,,Anderton,9.0
1998-08-11,1999,One News Colmar Brunton,,Clark,22.0
1998-08-11,1999,One News Colmar Brunton,,Peters,2.0
1998-08-11,1999,One News Colmar Brunton,,Prebble,2.0
1998-08-11,1999,One News Colmar Brunton,,Shipley,28.0
1998-09-22,1999,One News Colmar Brunton,,Anderton,7.0
1998-09-22,1999,One News Colmar Brunton,,Clark,23.0
1998-09-22,1999,One News Colmar Brunton,,Peters,3.0
1998-09-22,1999,One News Colmar Brunton,,Prebble,1.0
1998-09-22,1999,One News Colmar Brunton,,Shipley,28.0
1998-11-17,1999,TV3/CM Research,,Anderton,6.0
1998-11-17,1999,TV3/CM Research,,Clark,24.0
1998-11-17,1999,TV3/CM Research,,Peters,4.0
1998-11-17,1999,TV3/CM Research,,Shipley,15.0
1999-03-23,1999,One News Colmar Brunton,,Clark,21.0
1999-03-23,1999,One News Colmar Brunton,,Shipley,29.0
1999-04-27,1999,One News Colmar Brunton,,Anderton,5.0
1999-04-27,1999,One News Colmar Brunton,,Clark,21.0
1999-04-27,1999,One News Colmar Brunton,,Peters,3.0
1999-04-27,1999,One News Colmar Brunton,,Prebble,1.0
1999-04-27,1999,One News Colmar Brunton,,Shipley,27.0
1999-05-19,1999,One News Colmar Brunton,,Anderton,6.0
1999-05-19,1999,One News Colmar Brunton,,Clark,22.0
1999-05-19,1999,One News Colmar Brunton,,Peters,4.0
1999-05-19,1999,One News Colmar Brunton,,Prebble,1.0
1999-05-19,1999,One News Colmar Brunton,,Shipley,27.0
1999-08-11,1999,New Zealand Herald-DigiPoll,,Anderton,6.4
1999-08-11,1999,New Zealand Herald-DigiPoll,,Clark,19.5
1999-08-11,1999,New Zealand Herald-DigiPoll,,Moore,3.0
1999-08-11,1999,New Zealand Herald-DigiPoll,,Peters,2.4
1999-08-11,1999,New Zealand Herald-DigiPoll,,Shipley,17.6
1999-09-08,1999,New Zealand Herald-DigiPoll,,Anderton,4.4
1999-09-08,1999,New Zealand Herald-DigiPoll,,Bolger,1.1
1999-09-08,1999,New Zealand Herald-DigiPoll,,Clark,19.5
1999-09-08,1999,New Zealand Herald-DigiPoll,,Moore,1.7
1999-09-08,1999,New Zealand Herald-DigiPoll,,Peters,6.9
1999-09-08,1999,New Zealand Herald-DigiPoll,,Prebble,1.8
1999-09-08,1999,New Zealand Herald-DigiPoll,,Shipley,16.0
1999-11-26,1999,One News Colmar Brunton,,Clark,30.0
1999-11-26,1999,One News Colmar Brunton,,Shipley,27.0
1999-11-26,1999,TV3/CM Research,,Clark,23.0
1999-11-26,1999,TV3/CM Research,,Shipley,20.0
2000-02-28,2002,One News Colmar Brunton,,Clark,43.0
2000-02-28,2002,One News Colmar Brunton,,Shipley,16.0
2000-02-28,2002,TV3/CM Research poll,,Clark,36.0
2000-02-28,2002,TV3/CM Research poll,,Shipley,13.0
2000-04-18,2002,TV3/CM Research poll,,Clark,42.0
2000-04-18,2002,TV3/CM Research poll,,Shipley,13.0
2000-08-22,2002,TV3/CM Research poll,,Clark,31.0
2000-08-22,2002,TV3/CM Research poll,,Shipley,16.0
2001-02-20,2002,TV3/CM Research poll,,Clark,35.0
2001-02-20,2002,TV3/CM Research poll,,Shipley,16.0
2001-04-09,2002,TV3-NFO,,Clark,36.0
2001-04-09,2002,TV3-NFO,,Shipley,11.0
2001-05-14,2002,One News Colmar Brunton,,Anderton,3.0
2001-05-14,2002,One News Colmar Brunton,,Clark,37.0
2001-05-14,2002,One News Colmar Brunton,,Shipley,17.0
2001-10-12,2002,One News Colmar Brunton,,Clark,41.0
2001-10-12,2002,One News Colmar Brunton,,English,21.0
2001-11-12,2002,One News Colmar Brunton,,Clark,40.0
2001-11-12,2002,One News Colmar Brunton,,English,19.0
2001-12-17,2002,TV3/CM Research poll,,Clark,41.0
2001-12-17,2002,TV3/CM Research poll,,English,17.0
2002-02-27,2002,TV3/CM Research poll,,Anderton,3.0
2002-02-27,2002,TV3/CM Research poll,,Clark,41.0
2002-02-27,2002,TV3/CM Research poll,,English,10.0
2002-02-27,2002,TV3/CM Research poll,,Peters,5.0
2002-06-17,2002,One News Colmar Brunton,,Anderton,2.0
2002-06-17,2002,One News Colmar Brunton,,Clark,52.0
2002-06-17,2002,One News Colmar Brunton,,English,17.0
2002-06-17,2002,One News Colmar Brunton,,Peters,4.0
2002-07-15,2002,One News Colmar Brunton,,Anderton,2.0
2002-07-15,2002,One News Colmar Brunton,,Clark,48.0
2002-07-15,2002,One News Colmar Brunton,,English,19.0
2002-07-15,2002,One News Colmar Brunton,,Peters,7.0
2005-11-02,2008,TV3–TNS,,Brash,19.0
2005-11-02,2008,TV3–TNS,,Clark,43.0
2005-11-02,2008,TV3–TNS,,Peters,8.0
2006-02-02,2008,TV3–TNS,,Brash,16.0
2006-02-02,2008,TV3–TNS,,Clark,39.0
2006-02-02,2008,TV3–TNS,,Peters,7.0
2006-03-29,2008,TV3–TNS,,Brash,15.0
2006-03-29,2008,TV3–TNS,,Clark,38.0
2006-03-29,2008,TV3–TNS,,Peters,6.0
2006-05-10,2008,TV3–TNS,,Brash,18.0
2006-05-10,2008,TV3–TNS,,Clark,34.0
2006-05-10,2008,TV3–TNS,,Peters,6.0
2006-07-05,2008,TV3–TNS,,Brash,13.0
2006-07-05,2008,TV3–TNS,,Clark,38.0
2006-07-05,2008,TV3–TNS,,Key,0.0
2006-07-05,2008,TV3–TNS,,Peters,6.0
2006-08-30,2008,TV3–TNS,,Brash,17.0
2006-08-30,2008,TV3–TNS,,Clark,38.0
2006-08-30,2008,TV3–TNS,,Key,0.0
2006-08-30,2008,TV3–TNS,,Peters,5.0
2006-08-31,2008,Herald–DigiPoll,,Brash,22.4
2006-08-31,2008,Herald–DigiPoll,,Clark,52.4
2006-08-31,2008,Herald–DigiPoll,,Key,8.5
2006-08-31,2008,Herald–DigiPoll,,Peters,5.0
2006-09-24,2008,Herald–DigiPoll,,Brash,25.9
2006-09-24,2008,Herald–DigiPoll,,Clark,50.8
2006-09-24,2008,Herald–DigiPoll,,Key,9.2
2006-09-24,2008,Herald–DigiPoll,,Peters,4.8
2006-11-01,2008,TV3–TNS,,Brash,15.0
2006-11-01,2008,TV3–TNS,,Clark,35.0
2006-12-02,2008,Herald–DigiPoll,,Brash,3.9
2006-12-02,2008,Herald–DigiPoll,,Clark,54.2
2006-12-02,2008,Herald–DigiPoll,,Key,28.5
2007-02-01,2008,TV3–TNS,,Brash,1.0
2007-02-01,2008,TV3–TNS,,Clark,35.0
2007-02-01,2008,TV3–TNS,,Key,24.0
2007-02-01,2008,TV3–TNS,,Peters,5.0
2007-02-15,2008,One News–Colmar Brunton,,Clark,32.0
2007-02-15,2008,One News–Colmar Brunton,,Key,27.0
2007-02-15,2008,One News–Colmar Brunton,,Peters,3.0
2007-03-22,2008,One News–Colmar Brunton,,Clark,32.0
2007-03-22,2008,One News–Colmar Brunton,,Key,29.0
2007-03-22,2008,One News–Colmar Brunton,,Peters,4.0
2007-03-28,2008,TV3–TNS,,Brash,1.0
2007-03-28,2008,TV3–TNS,,Clark,37.0
2007-03-28,2008,TV3–TNS,,Key,28.0
2007-03-28,2008,TV3–TNS,,Peters,4.0
2007-04-19,2008,One News–Colmar Brunton,,Brash,1.0
2007-04-19,2008,One News–Colmar Brunton,,Clark,37.0
2007-04-19,2008,One News–Colmar Brunton,,Key,29.0
2007-04-19,2008,One News–Colmar Brunton,,Peters,3.0
2007-05-09,2008,TV3–TNS,,Brash,1.0
2007-05-09,2008,TV3–TNS,,Clark,30.0
2007-05-09,2008,TV3–TNS,,Key,32.0
2007-05-09,2008,TV3–TNS,,Peters,5.0
2007-05-24,2008,Herald–DigiPoll,,Clark,42.1
2007-05-24,2008,Herald–DigiPoll,,Key,45.5
2007-05-24,2008,Herald–DigiPoll,,Peters,5.4
2007-05-24,2008,One News–Colmar Brunton,,Brash,0.3
2007-05-24,2008,One News–Colmar Brunton,,Clark,27.0
2007-05-24,2008,One News–Colmar Brunton,,Key,38.0
2007-05-24,2008,One News–Colmar Brunton,,Peters,2.0
2007-07-05,2008,One News–Colmar Brunton,,Brash,0.5
2007-07-05,2008,One News–Colmar Brunton,,Clark,29.0
2007-07-05,2008,One News–Colmar Brunton,,Key,35.0
2007-07-05,2008,One News–Colmar Brunton,,Peters,2.0
2007-07-11,2008,TV3–TNS,,Brash,1.0
2007-07-11,2008,TV3–TNS,,Clark,31.0
2007-07-11,2008,TV3–TNS,,Key,31.0
2007-07-11,2008,TV3–TNS,,Peters,4.0
2007-07-19,2008,Herald–DigiPoll,,Clark,48.7
2007-07-19,2008,Herald–DigiPoll,,Key,37.9
2007-07-19,2008,Herald–DigiPoll,,Peters,7.0
2007-08-09,2008,One News–Colmar Brunton,,Brash,0.7
2007-08-09,2008,One News–Colmar Brunton,,Clark,30.0
2007-08-09,2008,One News–Colmar Brunton,,Key,33.0
2007-08-09,2008,One News–Colmar Brunton,,Peters,4.0
2007-09-05,2008,TV3–TNS,,Brash,1.0
2007-09-05,2008,TV3–TNS,,Clark,28.0
2007-09-05,2008,TV3–TNS,,Key,32.0
2007-09-05,2008,TV3–TNS,,Peters,6.0
2007-09-13,2008,One News–Colmar Brunton,,Brash,0.3
2007-09-13,2008,One News–Colmar Brunton,,Clark,33.0
2007-09-13,2008,One News–Colmar Brunton,,Key,31.0
2007-09-13,2008,One News–Colmar Brunton,,Peters,4.0
2007-09-15,2008,Fairfax Media Poll,,Clark,34.0
2007-09-15,2008,Fairfax Media Poll,,Key,41.0
2007-09-15,2008,Fairfax Media Poll,,Peters,3.0
2007-09-29,2008,Herald–DigiPoll,,Clark,46.8
2007-09-29,2008,Herald–DigiPoll,,Key,42.2
2007-10-11,2008,One News–Colmar Brunton,,Brash,0.2
2007-10-11,2008,One News–Colmar Brunton,,Clark,33.0
2007-10-11,2008,One News–Colmar Brunton,,Key,33.0
2007-10-11,2008,One News–Colmar Brunton,,Peters,3.0
2007-10-28,2008,Herald–DigiPoll,,Clark,50.8
2007-10-28,2008,Herald–DigiPoll,,Key,37.3
2007-10-28,2008,Herald–DigiPoll,,Peters,5.0
2007-11-17,2008,Fairfax Media Poll,,Clark,38.0
2007-11-17,2008,Fairfax Media Poll,,Key,36.0
2007-11-26,2008,Herald–DigiPoll,,Clark,48.7
2007-11-26,2008,Herald–DigiPoll,,Key,36.7
2007-11-26,2008,Herald–DigiPoll,,Peters,8.1
2007-12-12,2008,TV3–TNS,,Clark,28.0
2007-12-12,2008,TV3–TNS,,Key,33.0
2007-12-12,2008,TV3–TNS,,Peters,6.0
2007-12-13,2008,One News–Colmar Brunton,,Brash,0.2
2007-12-13,2008,One News–Colmar Brunton,,Clark,30.0
2007-12-13,2008,One News–Colmar Brunton,,Key,35.0
2007-12-13,2008,One News–Colmar Brunton,,Peters,2.0
2008-01-24,2008,Herald–DigiPoll,,Clark,49.7
2008-01-24,2008,Herald–DigiPoll,,Key,39.2
2008-01-24,2008,Herald–DigiPoll,,Peters,3.8
2008-01-30,2008,TV3–TNS,,Clark,29.0
2008-01-30,2008,TV3–TNS,,Key,33.0
2008-01-30,2008,TV3–TNS,,Peters,6.0
2008-02-14,2008,One News–Colmar Brunton,,Brash,0.4
2008-02-14,2008,One News–Colmar Brunton,,Clark,27.0
2008-02-14,2008,One News–Colmar Brunton,,Key,36.0
2008-02-14,2008,One News–Colmar Brunton,,Peters,4.0
2008-02-19,2008,Fairfax Media–Nielsen,,Clark,29.0
2008-02-19,2008,Fairfax Media–Nielsen,,Key,44.0
2008-02-26,2008,TV3–TNS,,Clark,28.0
2008-02-26,2008,TV3–TNS,,Key,35.0
2008-02-26,2008,TV3–TNS,,Peters,5.0
2008-02-28,2008,Herald–DigiPoll,,Brash,0.2
2008-02-28,2008,Herald–DigiPoll,,Clark,44.3
2008-02-28,2008,Herald–DigiPoll,,Key,46.3
2008-02-28,2008,Herald–DigiPoll,,Peters,3.3
2008-03-13,2008,One News–Colmar Brunton,,Clark,31.0
2008-03-13,2008,One News–Colmar Brunton,,Key,36.0
2008-03-13,2008,One News–Colmar Brunton,,Peters,5.0
2008-03-27,2008,Herald–DigiPoll,,Clark,45.6
2008-03-27,2008,Herald–DigiPoll,,Key,45.9
2008-03-27,2008,Herald–DigiPoll,,Peters,3.9
2008-04-16,2008,TV3–TNS,,Clark,32.0
2008-04-16,2008,TV3–TNS,,Key,29.0
2008-04-16,2008,TV3–TNS,,Peters,6.0
2008-04-17,2008,One News–Colmar Brunton,,Clark,29.0
2008-04-17,2008,One News–Colmar Brunton,,Key,35.0
2008-04-17,2008,One News–Colmar Brunton,,Peters,4.0
2008-04-22,2008,Fairfax Media–Nielsen,,Clark,33.0
2008-04-22,2008,Fairfax Media–Nielsen,,Key,42.0
2008-04-26,2008,Herald–DigiPoll,,Clark,45.3
2008-04-26,2008,Herald–DigiPoll,,Key,48.0
2008-05-13,2008,Fairfax Media–Nielsen,,Clark,28.0
2008-05-13,2008,Fairfax Media–Nielsen,,Key,45.0
2008-05-13,2008,Fairfax Media–Nielsen,,Peters,5.0
2008-05-28,2008,Herald–DigiPoll,,Clark,42.3
2008-05-28,2008,Herald–DigiPoll,,Key,44.6
2008-05-28,2008,Herald–DigiPoll,,Peters,6.7
2008-05-29,2008,One News–Colmar Brunton,,Clark,28.0
2008-05-29,2008,One News–Colmar Brunton,,Key,36.0
2008-05-29,2008,One News–Colmar Brunton,,Peters,6.0
2008-05-29,2008,TV3–TNS,,Clark,29.0
2008-05-29,2008,TV3–TNS,,Key,35.0
2008-05-29,2008,TV3–TNS,,Peters,6.0
2008-06-17,2008,Fairfax Media–Nielsen,,Clark,30.0
2008-06-17,2008,Fairfax Media–Nielsen,,Key,43.0
2008-06-17,2008,Fairfax Media–Nielsen,,Peters,2.0
2008-06-19,2008,One News–Colmar Brunton,,Brash,0.2
2008-06-19,2008,One News–Colmar Brunton,,Clark,27.0
2008-06-19,2008,One News–Colmar Brunton,,Key,38.0
2008-06-19,2008,One News–Colmar Brunton,,Peters,4.0
2008-07-15,2008,Fairfax Media–Nielsen,,Clark,32.0
2008-07-15,2008,Fairfax Media–Nielsen,,Key,39.0
2008-07-15,2008,Fairfax Media–Nielsen,,Peters,3.0
2008-07-17,2008,One News–Colmar Brunton,,Brash,0.3
2008-07-17,2008,One News–Colmar Brunton,,Clark,31.0
2008-07-17,2008,One News–Colmar Brunton,,Key,38.0
2008-07-17,2008,One News–Colmar Brunton,,Peters,4.0
2008-07-18,2008,TV3–TNS,,Clark,28.0
2008-07-18,2008,TV3–TNS,,Key,32.0
2008-07-18,2008,TV3–TNS,,Peters,6.0
2008-07-29,2008,Herald–DigiPoll,,Clark,44.0
2008-07-29,2008,Herald–DigiPoll,,Key,47.1
2008-07-29,2008,Herald–DigiPoll,,Peters,4.9
2008-08-12,2008,Fairfax Media–Nielsen,,Clark,31.0
2008-08-12,2008,Fairfax Media–Nielsen,,Key,43.0
2008-08-12,2008,Fairfax Media–Nielsen,,Peters,2.0
2008-08-14,2008,One News–Colmar Brunton,,Clark,33.0
2008-08-14,2008,One News–Colmar Brunton,,Key,36.0
2008-08-14,2008,One News–Colmar Brunton,,Peters,3.0
2008-08-20,2008,TV3–TNS,,Clark,31.0
2008-08-20,2008,TV3–TNS,,Key,34.0
2008-08-20,2008,TV3–TNS,,Peters,3.0
2008-08-25,2008,Herald–DigiPoll,,Clark,45.0
2008-08-25,2008,Herald–DigiPoll,,Key,46.6
2008-08-25,2008,Herald–DigiPoll,,Peters,5.6
2008-09-11,2008,One News-Colmar Brunton,,Brash,0.1
2008-09-11,2008,One News-Colmar Brunton,,Clark,31.0
2008-09-11,2008,One News-Colmar Brunton,,Key,40.0
2008-09-11,2008,One News-Colmar Brunton,,Peters,3.0
2008-09-16,2008,Fairfax Media–Nielsen,,Clark,30.0
2008-09-16,2008,Fairfax Media–Nielsen,,Key,41.0
2008-09-16,2008,Fairfax Media–Nielsen,,Peters,2.0
2008-09-24,2008,Herald–DigiPoll,,Clark,43.1
2008-09-24,2008,Herald–DigiPoll,,Key,45.5
2008-09-24,2008,Herald–DigiPoll,,Peters,4.0
2008-09-28,2008,TV3–TNS,,Clark,32.0
2008-09-28,2008,TV3–TNS,,Key,34.0
2008-10-02,2008,One News-Colmar Brunton,,Clark,31.0
2008-10-02,2008,One News-Colmar Brunton,,Key,41.0
2008-10-02,2008,One News-Colmar Brunton,,Peters,3.0
2008-10-09,2008,One News-Colmar Brunton,,Clark,31.0
2008-10-09,2008,One News-Colmar Brunton,,Key,39.0
2008-10-09,2008,One News-Colmar Brunton,,Peters,2.0
2008-10-10,2008,TV3–TNS,,Clark,31.6
2008-10-10,2008,TV3–TNS,,Key,31.0
2008-10-14,2008,Fairfax Media–Nielsen,,Clark,35.0
2008-10-14,2008,Fairfax Media–Nielsen,,Key,43.0
2008-10-16,2008,One News-Colmar Brunton,,Brash,0.1
2008-10-16,2008,One News-Colmar Brunton,,Clark,34.0
2008-10-16,2008,One News-Colmar Brunton,,Key,40.0
2008-10-16,2008,One News-Colmar Brunton,,Peters,2.0
2008-10-22,2008,Herald–DigiPoll,,Clark,45.4
2008-10-22,2008,Herald–DigiPoll,,Key,44.8
2008-10-22,2008,Herald–DigiPoll,,Peters,4.0
2008-10-23,2008,One News-Colmar Brunton,,Clark,37.0
2008-10-23,2008,One News-Colmar Brunton,,Key,38.0
2008-10-23,2008,One News-Colmar Brunton,,Peters,3.0
2008-10-23,2008,TV3–TNS,,Clark,36.3
2008-10-23,2008,TV3–TNS,,Key,36.3
2008-11-05,2008,One News-Colmar Brunton,,Clark,36.0
2008-11-05,2008,One News-Colmar Brunton,,Key,40.0
2008-11-05,2008,One News-Colmar Brunton,,Peters,1.0
2009-02-19,2011,Colmar Brunton,,Goff,6.0
2009-02-19,2011,Colmar Brunton,,Key,51.0
2009-02-19,2011,Colmar Brunton,,Peters,2.0
2009-04-01,2011,Colmar Brunton,,Goff,6.0
2009-04-01,2011,Colmar Brunton,,Key,51.0
2009-04-01,2011,Colmar Brunton,,Peters,1.0
2009-04-05,2011,TV ONE Colmar Brunton,,Clark,9.0
2009-04-05,2011,TV ONE Colmar Brunton,,Goff,6.0
2009-04-05,2011,TV ONE Colmar Brunton,,Key,51.0
2009-07-29,2011,Colmar Brunton,,Goff,7.0
2009-07-29,2011,Colmar Brunton,,Key,54.0
2009-07-29,2011,Colmar Brunton,,Peters,2.0
2009-10-18,2011,3 News -Reid Research,,Clark,8.2
2009-10-18,2011,3 News -Reid Research,,Goff,4.7
2009-10-18,2011,3 News -Reid Research,,Key,51.6
2009-10-18,2011,3 News -Reid Research,,Peters,3.0
2009-11-25,2011,ONE News Colmar Brunton,,Goff,5.0
2009-11-25,2011,ONE News Colmar Brunton,,Key,54.0
2009-11-25,2011,ONE News Colmar Brunton,,Peters,2.0
2009-12-13,2011,3 News -Reid Research,,Clark,6.1
2009-12-13,2011,3 News -Reid Research,,Goff,8.0
2009-12-13,2011,3 News -Reid Research,,Key,49.9
2009-12-13,2011,3 News -Reid Research,,Peters,2.1
2010-02-10,2011,Herald Digipoll,,Clark,7.0
2010-02-10,2011,Herald Digipoll,,Goff,6.8
2010-02-10,2011,Herald Digipoll,,Key,58.0
2010-04-14,2011,ONE News Colmar Brunton,,Goff,8.0
2010-04-14,2011,ONE News Colmar Brunton,,Key,48.0
2010-05-01,2011,ONE News Colmar Brunton,,Goff,6.0
2010-05-01,2011,ONE News Colmar Brunton,,Key,46.0
2010-08-08,2011,3 News -Reid Research,,Clark,2.3
2010-08-08,2011,3 News -Reid Research,,Goff,7.4
2010-08-08,2011,3 News -Reid Research,,Key,48.7
2010-08-08,2011,3 News -Reid Research,,Peters,3.7
2010-08-08,2011,ONE News Colmar Brunton,,Goff,9.0
2010-08-08,2011,ONE News Colmar Brunton,,Key,45.0
2010-09-26,2011,ONE News Colmar Brunton,,Goff,8.0
2010-09-26,2011,ONE News Colmar Brunton,,Key,52.0
2010-12-19,2011,One News-Colmar Brunton,,Goff,6.8
2010-12-19,2011,One News-Colmar Brunton,,Key,49.1
2010-12-19,2011,One News-Colmar Brunton,,Peters,4.9
2011-02-20,2011,3 News-Reid Research,,Goff,6.8
2011-02-20,2011,3 News-Reid Research,,Key,49.1
2011-02-20,2011,3 News-Reid Research,,Peters,4.9
2011-02-20,2011,ONE News Colmar Brunton,,Clark,2.0
2011-02-20,2011,ONE News Colmar Brunton,,Goff,7.0
2011-02-20,2011,ONE News Colmar Brunton,,Key,48.0
2011-02-20,2011,ONE News Colmar Brunton,,Peters,3.0
2011-04-10,2011,One News-Colmar Brunton,,Goff,11.0
2011-04-10,2011,One News-Colmar Brunton,,Key,55.0
2011-04-10,2011,One News-Colmar Brunton,,Peters,3.0
2011-04-17,2011,3 News-Reid Research,,Goff,6.8
2011-04-17,2011,3 News-Reid Research,,Key,52.4
2011-05-27,2011,Herald Digipoll,,Goff,11.9
2011-05-27,2011,Herald Digipoll,,Key,67.7
2011-05-29,2011,3 News-Reid Research,,Goff,7.6
2011-05-29,2011,3 News-Reid Research,,Key,48.2
2011-05-29,2011,One News-Colmar Brunton,,Goff,8.0
2011-05-29,2011,One News-Colmar Brunton,,Key,53.0
2011-07-17,2011,One News-Colmar Brunton,,Goff,9.0
2011-07-17,2011,One News-Colmar Brunton,,Key,54.0
2011-07-30,2011,Herald Digipoll,,Clark,7.9
2011-07-30,2011,Herald Digipoll,,Goff,9.3
2011-07-30,2011,Herald Digipoll,,Key,70.3
2011-07-30,2011,Herald Digipoll,,Peters,2.9
2011-08-21,2011,One News-Colmar Brunton,,Goff,8.0
2011-08-21,2011,One News-Colmar Brunton,,Key,57.0
2011-10-29,2011,Herald Digipoll,,Goff,13.7
2011-10-29,2011,Herald Digipoll,,Key,70.6
2011-10-29,2011,Herald Digipoll,,Peters,3.5
2011-11-03,2011,One News-Colmar Brunton,,Goff,12.0
2011-11-03,2011,One News-Colmar Brunton,,Key,56.0
2011-11-21,2011,Fairfax Media-Research International,,Goff,12.5
2011-11-21,2011,Fairfax Media-Research International,,Key,51.5
2011-11-21,2011,Fairfax Media-Research International,,Peters,3.5
2012-02-19,2014,3 News Reid Research,,Key,45.8
2012-02-19,2014,3 News Reid Research,,Peters,5.7
2012-02-19,2014,3 News Reid Research,,Shearer,10.1
2012-03-28,2014,One News Colmar Brunton,,Key,48.0
2012-03-28,2014,One News Colmar Brunton,,Peters,3.0
2012-03-28,2014,One News Colmar Brunton,,Shearer,11.0
2012-04-22,2014,3 News Reid Research,,Key,44.2
2012-04-22,2014,3 News Reid Research,,Norman,2.2
2012-04-22,2014,3 News Reid Research,,Peters,4.2
2012-04-22,2014,3 News Reid Research,,Shearer,10.4
2012-04-29,2014,Herald-Digipoll,,Key,63.9
2012-04-29,2014,Herald-Digipoll,,Peters,6.4
2012-04-29,2014,Herald-Digipoll,,Shearer,13.1
2012-06-04,2014,One News Colmar Brunton,,Key,48.0
2012-06-04,2014,One News Colmar Brunton,,Shearer,14.0
2012-06-10,2014,3 News Reid Research,,Key,40.5
2012-06-10,2014,3 News Reid Research,,Norman,4.0
2012-06-10,2014,3 News Reid Research,,Peters,4.8
2012-06-10,2014,3 News Reid Research,,Shearer,12.3
2012-06-25,2014,Herald-Digipoll,,Key,63.5
2012-06-25,2014,Herald-Digipoll,,Norman,2.7
2012-06-25,2014,Herald-Digipoll,,Peters,7.3
2012-06-25,2014,Herald-Digipoll,,Shearer,14.2
2012-08-05,2014,3 News Reid Research,,Key,43.2
2012-08-05,2014,3 News Reid Research,,Norman,2.0
2012-08-05,2014,3 News Reid Research,,Peters,6.2
2012-08-05,2014,3 News Reid Research,,Shearer,8.9
2012-08-05,2014,One News Colmar Brunton,,Key,45.0
2012-08-05,2014,One News Colmar Brunton,,Shearer,13.0
2012-08-31,2014,Herald-Digipoll,,Key,65.6
2012-08-31,2014,Herald-Digipoll,,Norman,1.8
2012-08-31,2014,Herald-Digipoll,,Peters,5.8
2012-08-31,2014,Herald-Digipoll,,Shearer,12.9
2012-09-23,2014,One News Colmar Brunton,,Key,44.0
2012-09-23,2014,One News Colmar Brunton,,Peters,4.0
2012-09-23,2014,One News Colmar Brunton,,Shearer,12.0
2012-10-14,2014,3 News Reid Research,,Key,41.0
2012-10-14,2014,3 News Reid Research,,Norman,2.4
2012-10-14,2014,3 News Reid Research,,Peters,5.0
2012-10-14,2014,3 News Reid Research,,Shearer,8.5
2012-11-04,2014,One News Colmar Brunton,,Key,42.0
2012-11-04,2014,One News Colmar Brunton,,Peters,6.0
2012-11-04,2014,One News Colmar Brunton,,Shearer,11.0
2012-12-02,2014,3 News Reid Research,,Key,37.4
2012-12-02,2014,3 News Reid Research,,Norman,2.2
2012-12-02,2014,3 News Reid Research,,Peters,5.0
2012-12-02,2014,3 News Reid Research,,Shearer,12.6
2012-12-02,2014,One News Colmar Brunton,,Key,39.0
2012-12-02,2014,One News Colmar Brunton,,Shearer,15.0
2013-02-13,2014,One News Colmar Brunton,,Key,44.0
2013-02-13,2014,One News Colmar Brunton,,Norman,2.0
2013-02-13,2014,One News Colmar Brunton,,Peters,5.0
2013-02-13,2014,One News Colmar Brunton,,Shearer,15.0
2013-03-21,2014,Herald-Digipoll,,Key,63.0
2013-03-21,2014,Herald-Digipoll,,Norman,2.4
2013-03-21,2014,Herald-Digipoll,,Peters,4.0
2013-03-21,2014,Herald-Digipoll,,Shearer,18.5
2013-06-23,2014,Herald-DigiPoll,,Key,65.2
2013-06-23,2014,Herald-DigiPoll,,Peters,6.4
2013-06-23,2014,Herald-DigiPoll,,Shearer,12.4
2013-07-14,2014,3 News Reid Research,,Key,42.0
2013-07-14,2014,3 News Reid Research,,Shearer,12.1
2013-07-31,2014,One News Colmar Brunton,,Key,41.0
2013-07-31,2014,One News Colmar Brunton,,Norman,3.0
2013-07-31,2014,One News Colmar Brunton,,Peters,4.0
2013-07-31,2014,One News Colmar Brunton,,Shearer,13.0
2013-09-22,2014,One News Colmar Brunton,,Cunliffe,12.0
2013-09-22,2014,One News Colmar Brunton,,Key,42.0
2013-09-22,2014,One News Colmar Brunton,,Peters,4.0
2013-09-23,2014,Herald-DigiPoll,,Cunliffe,16.8
2013-09-23,2014,Herald-DigiPoll,,Key,55.8
2013-09-23,2014,Herald-DigiPoll,,Norman,3.7
2013-09-23,2014,Herald-DigiPoll,,Peters,6.2
2013-10-23,2014,One News Colmar Brunton,,Cunliffe,12.0
2013-10-23,2014,One News Colmar Brunton,,Key,43.0
2013-10-23,2014,One News Colmar Brunton,,Peters,4.0
2013-12-09,2014,Herald on Sunday/Key Research,,Cunliffe,18.0
2013-12-09,2014,Herald on Sunday/Key Research,,Key,45.0
2013-12-17,2014,Herald-DigiPoll,,Cunliffe,16.5
2013-12-17,2014,Herald-DigiPoll,,Key,61.9
2013-12-17,2014,Herald-DigiPoll,,Norman,3.4
2013-12-17,2014,Herald-DigiPoll,,Peters,7.3
2014-01-29,2014,3 News Reid Research,,Cunliffe,10.8
2014-01-29,2014,3 News Reid Research,,Key,39.0
2014-01-29,2014,3 News Reid Research,,Peters,5.9
2014-02-10,2014,Fairfax Media-Ipsos,,Cunliffe,18.2
2014-02-10,2014,Fairfax Media-Ipsos,,Key,51.2
2014-02-19,2014,One News Colmar Brunton,,Cunliffe,8.0
2014-02-19,2014,One News Colmar Brunton,,Key,42.0
2014-02-19,2014,One News Colmar Brunton,,Peters,4.0
2014-03-16,2014,Herald-DigiPoll,,Cunliffe,11.1
2014-03-16,2014,Herald-DigiPoll,,Key,66.5
2014-03-16,2014,Herald-DigiPoll,,Norman,4.5
2014-03-16,2014,Herald-DigiPoll,,Peters,6.5
2014-03-26,2014,3 News Reid Research,,Cunliffe,9.0
2014-03-26,2014,3 News Reid Research,,Key,42.6
2014-03-26,2014,3 News Reid Research,,Peters,6.9
2014-03-26,2014,One News Colmar Brunton,,Cunliffe,8.0
2014-03-26,2014,One News Colmar Brunton,,Key,42.0
2014-03-26,2014,One News Colmar Brunton,,Peters,4.0
2014-05-12,2014,Fairfax Media-Ipsos,,Cunliffe,13.4
2014-05-12,2014,Fairfax Media-Ipsos,,Key,48.6
2014-05-12,2014,Fairfax Media-Ipsos,,Norman,1.8
2014-05-12,2014,Fairfax Media-Ipsos,,Peters,3.4
2014-05-21,2014,3 News Reid Research,,Cunliffe,9.8
2014-05-21,2014,3 News Reid Research,,Key,43.1
2014-05-21,2014,3 News Reid Research,,Peters,7.8
2014-05-21,2014,One News Colmar Brunton,,Cunliffe,10.0
2014-05-21,2014,One News Colmar Brunton,,Key,43.0
2014-06-16,2014,Herald-DigiPoll,,Cunliffe,12.7
2014-06-16,2014,Herald-DigiPoll,,Key,65.9
2014-06-16,2014,Herald-DigiPoll,,Norman,2.5
2014-06-16,2014,Herald-DigiPoll,,Peters,6.2
2014-06-17,2014,Fairfax Media-Ipsos,,Cunliffe,11.1
2014-06-17,2014,Fairfax Media-Ipsos,,Key,51.4
2014-06-17,2014,Fairfax Media-Ipsos,,Norman,2.7
2014-06-17,2014,Fairfax Media-Ipsos,,Peters,2.6
2014-07-17,2014,Fairfax Media-Ipsos,,Cunliffe,14.2
2014-07-17,2014,Fairfax Media-Ipsos,,Key,58.2
2014-07-17,2014,Fairfax Media-Ipsos,,Norman,2.1
2014-07-17,2014,Fairfax Media-Ipsos,,Peters,2.2
2014-08-27,2014,Herald-DigiPoll,,Cunliffe,11.6
2014-08-27,2014,Herald-DigiPoll,,Key,67.8
2014-08-27,2014,Herald-DigiPoll,,Norman,3.8
2014-08-27,2014,Herald-DigiPoll,,Peters,8.2
2014-09-10,2014,Herald-DigiPoll,,Cunliffe,17.9
2014-09-10,2014,Herald-DigiPoll,,Key,61.6
2014-09-10,2014,Herald-DigiPoll,,Norman,3.3
2014-09-10,2014,Herald-DigiPoll,,Peters,7.8
2014-12-21,2017,Herald-DigiPoll,,Ardern,1.7
2014-12-21,2017,Herald-DigiPoll,,Key,65.0
2014-12-21,2017,Herald-DigiPoll,,Little,13.6
2015-01-28,2017,3 News-Reid Research,,English,0.3
2015-01-28,2017,3 News-Reid Research,,Key,44.0
2015-01-28,2017,3 News-Reid Research,,Little,9.8
2015-01-28,2017,3 News-Reid Research,,Peters,7.6
2015-02-18,2017,One News - Colmar Brunton,,Ardern,0.7
2015-02-18,2017,One News - Colmar Brunton,,English,0.6
2015-02-18,2017,One News - Colmar Brunton,,Harawira,0.4
2015-02-18,2017,One News - Colmar Brunton,,Key,41.0
2015-02-18,2017,One News - Colmar Brunton,,Little,12.0
2015-02-18,2017,One News - Colmar Brunton,,Peters,7.0
2015-02-18,2017,One News - Colmar Brunton,,Turei,1.1
2015-04-26,2017,Herald-DigiPoll,,Key,64.6
2015-04-26,2017,Herald-DigiPoll,,Little,13.9
2015-04-26,2017,Herald-DigiPoll,,Peters,12.0
2015-05-27,2017,3 News Reid Research,,English,0.6
2015-05-27,2017,3 News Reid Research,,Key,39.4
2015-05-27,2017,3 News Reid Research,,Little,11.6
2015-05-27,2017,3 News Reid Research,,Peters,11.2
2015-07-22,2017,3 News Reid Research,,English,0.2
2015-07-22,2017,3 News Reid Research,,Key,38.3
2015-07-22,2017,3 News Reid Research,,Little,10.2
2015-07-22,2017,3 News Reid Research,,Peters,11.3
2015-07-22,2017,3 News Reid Research,,Shaw,0.2
2015-08-24,2017,Herald-DigiPoll,,Ardern,3.9
2015-08-24,2017,Herald-DigiPoll,,Key,63.7
2015-08-24,2017,Herald-DigiPoll,,Little,13.3
2015-08-24,2017,Herald-DigiPoll,,Peters,11.6
2015-08-24,2017,Herald-DigiPoll,,Shaw,0.6
2015-08-24,2017,Herald-DigiPoll,,Turei,0.9
2015-09-16,2017,3 News Reid Research,,Ardern,3.5
2015-09-16,2017,3 News Reid Research,,Dunne,0.1
2015-09-16,2017,3 News Reid Research,,English,0.3
2015-09-16,2017,3 News Reid Research,,Key,39.5
2015-09-16,2017,3 News Reid Research,,Little,10.8
2015-09-16,2017,3 News Reid Research,,Peters,8.6
2015-09-16,2017,3 News Reid Research,,Shaw,0.2
2015-11-17,2017,3 News Reid Research,,Ardern,4.2
2015-11-17,2017,3 News Reid Research,,Dunne,0.1
2015-11-17,2017,3 News Reid Research,,English,0.7
2015-11-17,2017,3 News Reid Research,,Key,38.3
2015-11-17,2017,3 News Reid Research,,Little,10.4
2015-11-17,2017,3 News Reid Research,,Peters,9.3
2015-12-14,2017,Herald-DigiPoll,,Ardern,2.8
2015-12-14,2017,Herald-DigiPoll,,Key,65.2
2015-12-14,2017,Herald-DigiPoll,,Little,16.2
2015-12-14,2017,Herald-DigiPoll,,Peters,7.9
2016-04-06,2017,One News Colmar Brunton,,Ardern,2.0
2016-04-06,2017,One News Colmar Brunton,,English,0.9
2016-04-06,2017,One News Colmar Brunton,,Key,39.0
2016-04-06,2017,One News Colmar Brunton,,Little,7.0
2016-04-06,2017,One News Colmar Brunton,,Peters,10.0
2016-04-06,2017,One News Colmar Brunton,,Shaw,0.4
2016-05-22,2017,Newshub Reid Research,,Ardern,2.6
2016-05-22,2017,Newshub Reid Research,,English,0.2
2016-05-22,2017,Newshub Reid Research,,Key,36.7
2016-05-22,2017,Newshub Reid Research,,Little,8.9
2016-05-22,2017,Newshub Reid Research,,Peters,12.1
2016-05-22,2017,Newshub Reid Research,,Shaw,0.5
2016-06-02,2017,One News Colmar Brunton,,Ardern,1.0
2016-06-02,2017,One News Colmar Brunton,,English,0.4
2016-06-02,2017,One News Colmar Brunton,,Key,39.0
2016-06-02,2017,One News Colmar Brunton,,Little,7.0
2016-06-02,2017,One News Colmar Brunton,,Peters,12.0
2016-06-02,2017,One News Colmar Brunton,,Shaw,0.4
2016-08-03,2017,Newshub Reid Research,,Ardern,2.9
2016-08-03,2017,Newshub Reid Research,,English,0.3
2016-08-03,2017,Newshub Reid Research,,Key,36.7
2016-08-03,2017,Newshub Reid Research,,Little,10.5
2016-08-03,2017,Newshub Reid Research,,Morgan,0.3
2016-08-03,2017,Newshub Reid Research,,Peters,10.9
2016-08-03,2017,Newshub Reid Research,,Shaw,0.9
2016-08-03,2017,Newshub Reid Research,,Turei,1.0
2016-09-07,2017,One News Colmar Brunton,,Ardern,1.0
2016-09-07,2017,One News Colmar Brunton,,Key,38.0
2016-09-07,2017,One News Colmar Brunton,,Little,10.0
2016-09-07,2017,One News Colmar Brunton,,Peters,11.0
2016-09-07,2017,One News Colmar Brunton,,Shaw,0.1
2016-11-23,2017,One News Colmar Brunton,,Ardern,1.0
2016-11-23,2017,One News Colmar Brunton,,Dunne,0.3
2016-11-23,2017,One News Colmar Brunton,,Key,36.0
2016-11-23,2017,One News Colmar Brunton,,Little,8.0
2016-11-23,2017,One News Colmar Brunton,,Morgan,0.1
2016-11-23,2017,One News Colmar Brunton,,Peters,8.0
2016-11-23,2017,One News Colmar Brunton,,Shaw,0.3
2016-11-23,2017,One News Colmar Brunton,,Turei,1.0
2017-02-15,2017,One News Colmar Brunton,,Ardern,4.0
2017-02-15,2017,One News Colmar Brunton,,English,31.0
2017-02-15,2017,One News Colmar Brunton,,Key,2.0
2017-02-15,2017,One News Colmar Brunton,,Little,7.0
2017-02-15,2017,One News Colmar Brunton,,Morgan,0.1
2017-02-15,2017,One News Colmar Brunton,,Peters,8.0
2017-02-15,2017,One News Colmar Brunton,,Shaw,0.3
2017-02-15,2017,One News Colmar Brunton,,Turei,2.0
2017-03-19,2017,Newshub Reid Research,,Ardern,10.5
2017-03-19,2017,Newshub Reid Research,,English,25.0
2017-03-19,2017,Newshub Reid Research,,Key,5.9
2017-03-19,2017,Newshub Reid Research,,Little,8.3
2017-03-19,2017,Newshub Reid Research,,Morgan,0.1
2017-03-19,2017,Newshub Reid Research,,Peters,8.9
2017-03-19,2017,Newshub Reid Research,,Turei,1.0
2017-03-22,2017,One News Colmar Brunton,,Ardern,9.0
2017-03-22,2017,One News Colmar Brunton,,Dunne,0.2
2017-03-22,2017,One News Colmar Brunton,,English,26.0
2017-03-22,2017,One News Colmar Brunton,,Harawira,0.3
2017-03-22,2017,One News Colmar Brunton,,Key,2.0
2017-03-22,2017,One News Colmar Brunton,,Little,7.0
2017-03-22,2017,One News Colmar Brunton,,Peters,9.0
2017-03-22,2017,One News Colmar Brunton,,Shaw,0.5
2017-03-22,2017,One News Colmar Brunton,,Turei,0.4
2017-05-24,2017,Listener: Bauer Media Insights,,Ardern,16.0
2017-05-24,2017,Listener: Bauer Media Insights,,English,39.0
2017-05-24,2017,Listener: Bauer Media Insights,,Little,13.0
2017-05-24,2017,Listener: Bauer Media Insights,,Morgan,2.0
2017-05-24,2017,Listener: Bauer Media Insights,,Peters,9.0
2017-05-24,2017,Listener: Bauer Media Insights,,Shaw,2.0
2017-05-24,2017,Listener: Bauer Media Insights,,Turei,3.0
2017-05-31,2017,One News Colmar Brunton,,Ardern,6.0
2017-05-31,2017,One News Colmar Brunton,,Dunne,0.1
2017-05-31,2017,One News Colmar Brunton,,English,29.0
2017-05-31,2017,One News Colmar Brunton,,Key,2.0
2017-05-31,2017,One News Colmar Brunton,,Little,8.0
2017-05-31,2017,One News Colmar Brunton,,Morgan,0.2
2017-05-31,2017,One News Colmar Brunton,,Peters,7.0
2017-05-31,2017,One News Colmar Brunton,,Shaw,0.4
2017-05-31,2017,One News Colmar Brunton,,Turei,0.7
2017-06-12,2017,Newshub Reid Research,,Ardern,6.6
2017-06-12,2017,Newshub Reid Research,,Dunne,0.3
2017-06-12,2017,Newshub Reid Research,,English,26.2
2017-06-12,2017,Newshub Reid Research,,Harawira,0.3
2017-06-12,2017,Newshub Reid Research,,Key,5.9
2017-06-12,2017,Newshub Reid Research,,Little,7.0
2017-06-12,2017,Newshub Reid Research,,Morgan,0.5
2017-06-12,2017,Newshub Reid Research,,Peters,9.7
2017-06-12,2017,Newshub Reid Research,,Shaw,0.7
2017-06-12,2017,Newshub Reid Research,,Turei,1.4
2017-07-05,2017,One News Colmar Brunton,,Ardern,6.0
2017-07-05,2017,One News Colmar Brunton,,English,26.0
2017-07-05,2017,One News Colmar Brunton,,Harawira,0.5
2017-07-05,2017,One News Colmar Brunton,,Key,1.0
2017-07-05,2017,One News Colmar Brunton,,Little,5.0
2017-07-05,2017,One News Colmar Brunton,,Morgan,0.7
2017-07-05,2017,One News Colmar Brunton,,Peters,11.0
2017-07-05,2017,One News Colmar Brunton,,Shaw,0.5
2017-07-05,2017,One News Colmar Brunton,,Turei,0.2
2017-07-27,2017,One News Colmar Brunton,,Ardern,6.0
2017-07-27,2017,One News Colmar Brunton,,Dunne,0.2
2017-07-27,2017,One News Colmar Brunton,,English,28.0
2017-07-27,2017,One News Colmar Brunton,,Key,1.0
2017-07-27,2017,One News Colmar Brunton,,Little,6.0
2017-07-27,2017,One News Colmar Brunton,,Morgan,0.3
2017-07-27,2017,One News Colmar Brunton,,Peters,10.0
2017-07-27,2017,One News Colmar Brunton,,Shaw,0.2
2017-07-27,2017,One News Colmar Brunton,,Turei,1.0
2017-07-28,2017,Newshub Reid Research,,Ardern,8.7
2017-07-28,2017,Newshub Reid Research,,Dunne,0.4
2017-07-28,2017,Newshub Reid Research,,English,25.8
2017-07-28,2017,Newshub Reid Research,,Harawira,0.2
2017-07-28,2017,Newshub Reid Research,,Key,6.0
2017-07-28,2017,Newshub Reid Research,,Little,7.1
2017-07-28,2017,Newshub Reid Research,,Morgan,0.8
2017-07-28,2017,Newshub Reid Research,,Peters,11.9
2017-07-28,2017,Newshub Reid Research,,Shaw,0.7
2017-07-28,2017,Newshub Reid Research,,Turei,1.6
2017-08-08,2017,Newshub Reid Research,,Ardern,26.3
2017-08-08,2017,Newshub Reid Research,,English,27.7
2017-08-08,2017,Newshub Reid Research,,Harawira,0.5
2017-08-08,2017,Newshub Reid Research,,Key,4.9
2017-08-08,2017,Newshub Reid Research,,Little,0.9
2017-08-08,2017,Newshub Reid Research,,Morgan,0.6
2017-08-08,2017,Newshub Reid Research,,Peters,10.0
2017-08-08,2017,Newshub Reid Research,,Shaw,0.2
2017-08-08,2017,Newshub Reid Research,,Turei,0.8
2017-08-16,2017,One News Colmar Brunton,,Ardern,30.0
2017-08-16,2017,One News Colmar Brunton,,English,30.0
2017-08-16,2017,One News Colmar Brunton,,Harawira,0.4
2017-08-16,2017,One News Colmar Brunton,,Key,0.5
2017-08-16,2017,One News Colmar Brunton,,Morgan,0.7
2017-08-16,2017,One News Colmar Brunton,,Peters,7.0
2017-08-16,2017,One News Colmar Brunton,,Shaw,0.3
2017-08-30,2017,Newshub Reid Research,,Ardern,29.9
2017-08-30,2017,Newshub Reid Research,,Dunne,0.0
2017-08-30,2017,Newshub Reid Research,,English,30.1
2017-08-30,2017,Newshub Reid Research,,Harawira,0.1
2017-08-30,2017,Newshub Reid Research,,Key,4.6
2017-08-30,2017,Newshub Reid Research,,Little,0.3
2017-08-30,2017,Newshub Reid Research,,Morgan,0.6
2017-08-30,2017,Newshub Reid Research,,Peters,6.9
2017-08-30,2017,Newshub Reid Research,,Shaw,0.5
2017-08-30,2017,Newshub Reid Research,,Turei,0.8
2017-08-30,2017,One News Colmar Brunton,,Ardern,34.0
2017-08-30,2017,One News Colmar Brunton,,English,33.0
2017-08-30,2017,One News Colmar Brunton,,Morgan,0.4
2017-08-30,2017,One News Colmar Brunton,,Peters,4.0
2017-08-30,2017,One News Colmar Brunton,,Shaw,0.4
2017-08-30,2017,One News Colmar Brunton,,Turei,0.8
2017-09-05,2017,Listener: Bauer Media Insights,,Ardern,46.0
2017-09-05,2017,Listener: Bauer Media Insights,,English,36.0
2017-09-05,2017,Listener: Bauer Media Insights,,Morgan,1.0
2017-09-05,2017,Listener: Bauer Media Insights,,Peters,6.0
2017-09-05,2017,Listener: Bauer Media Insights,,Shaw,1.0
2017-09-06,2017,Newsroom: SSI,,Ardern,45.0
2017-09-06,2017,Newsroom: SSI,,English,31.0
2017-09-06,2017,Newsroom: SSI,,Peters,11.0
2017-09-06,2017,One News Colmar Brunton,,Ardern,35.0
2017-09-06,2017,One News Colmar Brunton,,English,31.0
2017-09-06,2017,One News Colmar Brunton,,Harawira,0.1
2017-09-06,2017,One News Colmar Brunton,,Key,0.7
2017-09-06,2017,One News Colmar Brunton,,Little,0.1
2017-09-06,2017,One News Colmar Brunton,,Morgan,0.5
2017-09-06,2017,One News Colmar Brunton,,Peters,5.0
2017-09-06,2017,One News Colmar Brunton,,Shaw,1.0
2017-09-11,2017,Newshub Reid Research,,Ardern,31.7
2017-09-11,2017,Newshub Reid Research,,Dunne,0.2
2017-09-11,2017,Newshub Reid Research,,English,33.1
2017-09-11,2017,Newshub Reid Research,,Harawira,0.3
2017-09-11,2017,Newshub Reid Research,,Key,4.1
2017-09-11,2017,Newshub Reid Research,,Little,0.1
2017-09-11,2017,Newshub Reid Research,,Morgan,0.8
2017-09-11,2017,Newshub Reid Research,,Peters,6.9
2017-09-11,2017,Newshub Reid Research,,Shaw,0.6
2017-09-11,2017,Newshub Reid Research,,Turei,0.8
2017-09-13,2017,One News Colmar Brunton,,Ardern,34.0
2017-09-13,2017,One News Colmar Brunton,,English,32.0
2017-09-13,2017,One News Colmar Brunton,,Key,0.6
2017-09-13,2017,One News Colmar Brunton,,Morgan,0.3
2017-09-13,2017,One News Colmar Brunton,,Peters,5.0
2017-09-13,2017,One News Colmar Brunton,,Shaw,0.3
2017-09-13,2017,One News Colmar Brunton,,Turei,0.2
2017-09-19,2017,One News Colmar Brunton,,Ardern,31.0
2017-09-19,2017,One News Colmar Brunton,,English,37.0
2017-09-19,2017,One News Colmar Brunton,,Harawira,0.3
2017-09-19,2017,One News Colmar Brunton,,Key,0.7
2017-09-19,2017,One News Colmar Brunton,,Morgan,0.2
2017-09-19,2017,One News Colmar Brunton,,Peters,6.0
2017-09-19,2017,One News Colmar Brunton,,Shaw,0.3
2017-09-19,2017,One News Colmar Brunton,,Turei,0.1
2017-09-20,2017,Newshub Reid Research,,Ardern,29.6
2017-09-20,2017,Newshub Reid Research,,Dunne,0.1
2017-09-20,2017,Newshub Reid Research,,English,34.7
2017-09-20,2017,Newshub Reid Research,,Key,3.6
2017-09-20,2017,Newshub Reid Research,,Little,0.4
2017-09-20,2017,Newshub Reid Research,,Morgan,0.5
2017-09-20,2017,Newshub Reid Research,,Peters,7.1
2017-09-20,2017,Newshub Reid Research,,Shaw,0.6
2017-09-20,2017,Newshub Reid Research,,Turei,0.5
2017-12-05,2020,1 News–Colmar Brunton,1007,Ardern,37.0
2017-12-05,2020,1 News–Colmar Brunton,1007,Bridges,0.3
2017-12-05,2020,1 News–Colmar Brunton,1007,Collins,0.7
2017-12-05,2020,1 News–Colmar Brunton,1007,English,28.0
2017-12-05,2020,1 News–Colmar Brunton,1007,Peters,5.0
2017-12-05,2020,1 News–Colmar Brunton,1007,Shaw,0.4
2018-01-28,2020,Newshub–Reid Research,1000,Ardern,37.9
2018-01-28,2020,Newshub–Reid Research,1000,Bridges,0.5
2018-01-28,2020,Newshub–Reid Research,1000,Collins,0.2
2018-01-28,2020,Newshub–Reid Research,1000,English,25.7
2018-01-28,2020,Newshub–Reid Research,1000,Peters,5.7
2018-01-28,2020,Newshub–Reid Research,1000,Shaw,0.1
2018-02-14,2020,1 News–Colmar Brunton,1007,Ardern,41.0
2018-02-14,2020,1 News–Colmar Brunton,1007,Bridges,1.0
2018-02-14,2020,1 News–Colmar Brunton,1007,Collins,0.4
2018-02-14,2020,1 News–Colmar Brunton,1007,English,20.0
2018-02-14,2020,1 News–Colmar Brunton,1007,Peters,4.0
2018-02-14,2020,1 News–Colmar Brunton,1007,Seymour,0.1
2018-02-14,2020,1 News–Colmar Brunton,1007,Shaw,0.4
2018-04-11,2020,1 News–Colmar Brunton,1007,Ardern,37.0
2018-04-11,2020,1 News–Colmar Brunton,1007,Bridges,10.0
2018-04-11,2020,1 News–Colmar Brunton,1007,Collins,2.0
2018-04-11,2020,1 News–Colmar Brunton,1007,English,2.0
2018-04-11,2020,1 News–Colmar Brunton,1007,Peters,5.0
2018-04-11,2020,1 News–Colmar Brunton,1007,Seymour,0.3
2018-05-23,2020,1 News–Colmar Brunton,1007,Ardern,41.0
2018-05-23,2020,1 News–Colmar Brunton,1007,Bridges,12.0
2018-05-23,2020,1 News–Colmar Brunton,1007,Collins,2.0
2018-05-23,2020,1 News–Colmar Brunton,1007,English,0.9
2018-05-23,2020,1 News–Colmar Brunton,1007,Peters,4.0
2018-05-23,2020,1 News–Colmar Brunton,1007,Seymour,0.1
2018-05-23,2020,1 News–Colmar Brunton,1007,Shaw,0.2
2018-05-24,2020,Newshub–Reid Research,1000,Ardern,40.2
2018-05-24,2020,Newshub–Reid Research,1000,Bridges,9.0
2018-05-24,2020,Newshub–Reid Research,1000,Collins,3.7
2018-05-24,2020,Newshub–Reid Research,1000,English,4.2
2018-05-24,2020,Newshub–Reid Research,1000,Peters,4.6
2018-08-01,2020,1 News–Colmar Brunton Archived 26 August 2018 at the Wayback Machine,1007,Ardern,40.0
2018-08-01,2020,1 News–Colmar Brunton Archived 26 August 2018 at the Wayback Machine,1007,Bridges,10.0
2018-08-01,2020,1 News–Colmar Brunton Archived 26 August 2018 at the Wayback Machine,1007,Collins,2.0
2018-08-01,2020,1 News–Colmar Brunton Archived 26 August 2018 at the Wayback Machine,1007,Davidson,0.3
2018-08-01,2020,1 News–Colmar Brunton Archived 26 August 2018 at the Wayback Machine,1007,English,0.9
2018-08-01,2020,1 News–Colmar Brunton Archived 26 August 2018 at the Wayback Machine,1007,Peters,5.0
2018-08-01,2020,1 News–Colmar Brunton Archived 26 August 2018 at the Wayback Machine,1007,Seymour,0.2
2018-08-01,2020,1 News–Colmar Brunton Archived 26 August 2018 at the Wayback Machine,1007,Shaw,0.3
2018-10-19,2020,1 News–Colmar Brunton,1006,Ardern,42.0
2018-10-19,2020,1 News–Colmar Brunton,1006,Bridges,7.0
2018-10-19,2020,1 News–Colmar Brunton,1006,Collins,5.0
2018-10-19,2020,1 News–Colmar Brunton,1006,Davidson,0.1
2018-10-19,2020,1 News–Colmar Brunton,1006,English,1.0
2018-10-19,2020,1 News–Colmar Brunton,1006,Peters,4.0
2018-10-19,2020,1 News–Colmar Brunton,1006,Shaw,0.1
2018-11-28,2020,1 News–Colmar Brunton,1008,Ardern,39.0
2018-11-28,2020,1 News–Colmar Brunton,1008,Bridges,7.0
2018-11-28,2020,1 News–Colmar Brunton,1008,Collins,6.0
2018-11-28,2020,1 News–Colmar Brunton,1008,English,0.4
2018-11-28,2020,1 News–Colmar Brunton,1008,Peters,4.0
2018-11-28,2020,1 News–Colmar Brunton,1008,Seymour,0.1
2018-11-28,2020,1 News–Colmar Brunton,1008,Shaw,0.1
2019-02-02,2020,Newshub–Reid Research,1000,Ardern,41.8
2019-02-02,2020,Newshub–Reid Research,1000,Bridges,5.0
2019-02-02,2020,Newshub–Reid Research,1000,Collins,6.2
2019-02-13,2020,1 News–Colmar Brunton,1006,Ardern,44.0
2019-02-13,2020,1 News–Colmar Brunton,1006,Bridges,6.0
2019-02-13,2020,1 News–Colmar Brunton,1006,Collins,6.0
2019-02-13,2020,1 News–Colmar Brunton,1006,English,0.4
2019-02-13,2020,1 News–Colmar Brunton,1006,Peters,3.0
2019-02-13,2020,1 News–Colmar Brunton,1006,Seymour,0.1
2019-02-13,2020,1 News–Colmar Brunton,1006,Shaw,0.2
2019-04-10,2020,1 News–Colmar Brunton,1006,Ardern,51.0
2019-04-10,2020,1 News–Colmar Brunton,1006,Bridges,5.0
2019-04-10,2020,1 News–Colmar Brunton,1006,Collins,5.0
2019-04-10,2020,1 News–Colmar Brunton,1006,English,0.3
2019-04-10,2020,1 News–Colmar Brunton,1006,Peters,3.0
2019-04-10,2020,1 News–Colmar Brunton,1006,Seymour,0.2
2019-04-10,2020,1 News–Colmar Brunton,1006,Shaw,0.2
2019-06-07,2020,Newshub–Reid Research,1000,Ardern,49.0
2019-06-07,2020,Newshub–Reid Research,1000,Bridges,4.2
2019-06-07,2020,Newshub–Reid Research,1000,Collins,7.1
2019-06-08,2020,1 News–Colmar Brunton,1002,Ardern,45.0
2019-06-08,2020,1 News–Colmar Brunton,1002,Bridges,5.0
2019-06-08,2020,1 News–Colmar Brunton,1002,Collins,6.0
2019-06-08,2020,1 News–Colmar Brunton,1002,English,0.1
2019-06-08,2020,1 News–Colmar Brunton,1002,Peters,5.0
2019-06-08,2020,1 News–Colmar Brunton,1002,Seymour,0.5
2019-06-08,2020,1 News–Colmar Brunton,1002,Shaw,0.1
2019-07-24,2020,1 News–Colmar Brunton,1003,Ardern,41.0
2019-07-24,2020,1 News–Colmar Brunton,1003,Bridges,6.0
2019-07-24,2020,1 News–Colmar Brunton,1003,Collins,6.0
2019-07-24,2020,1 News–Colmar Brunton,1003,Davidson,0.1
2019-07-24,2020,1 News–Colmar Brunton,1003,English,0.2
2019-07-24,2020,1 News–Colmar Brunton,1003,Muller,0.1
2019-07-24,2020,1 News–Colmar Brunton,1003,Peters,2.0
2019-07-24,2020,1 News–Colmar Brunton,1003,Seymour,0.4
2019-10-09,2020,1 News–Colmar Brunton,1008,Ardern,38.0
2019-10-09,2020,1 News–Colmar Brunton,1008,Bridges,9.0
2019-10-09,2020,1 News–Colmar Brunton,1008,Collins,5.0
2019-10-09,2020,1 News–Colmar Brunton,1008,Davidson,0.3
2019-10-09,2020,1 News–Colmar Brunton,1008,English,0.1
2019-10-09,2020,1 News–Colmar Brunton,1008,Muller,0.2
2019-10-09,2020,1 News–Colmar Brunton,1008,Peters,4.0
2019-10-09,2020,1 News–Colmar Brunton,1008,Seymour,0.4
2019-10-09,2020,1 News–Colmar Brunton,1008,Shaw,0.3
2019-10-09,2020,Newshub–Reid Research,1000,Ardern,38.4
2019-10-09,2020,Newshub–Reid Research,1000,Bridges,6.7
2019-10-09,2020,Newshub–Reid Research,1000,Collins,5.2
2019-11-27,2020,1 News–Colmar Brunton,1006,Ardern,36.0
2019-11-27,2020,1 News–Colmar Brunton,1006,Bridges,10.0
2019-11-27,2020,1 News–Colmar Brunton,1006,Collins,4.0
2019-11-27,2020,1 News–Colmar Brunton,1006,Peters,3.0
2019-11-27,2020,1 News–Colmar Brunton,1006,Seymour,0.6
2019-11-27,2020,1 News–Colmar Brunton,1006,Shaw,0.3
2020-02-01,2020,Newshub–Reid Research,1000,Ardern,38.7
2020-02-01,2020,Newshub–Reid Research,1000,Bridges,10.6
2020-02-12,2020,1 News–Colmar Brunton,1004,Ardern,42.0
2020-02-12,2020,1 News–Colmar Brunton,1004,Bridges,11.0
2020-02-12,2020,1 News–Colmar Brunton,1004,Collins,3.0
2020-02-12,2020,1 News–Colmar Brunton,1004,Davidson,0.5
2020-02-12,2020,1 News–Colmar Brunton,1004,English,0.2
2020-02-12,2020,1 News–Colmar Brunton,1004,Peters,3.0
2020-02-12,2020,1 News–Colmar Brunton,1004,Seymour,0.8
2020-02-12,2020,1 News–Colmar Brunton,1004,Shaw,0.1
2020-04-27,2020,UMR Research,,Ardern,65.0
2020-04-27,2020,UMR Research,,Bridges,7.0
2020-04-27,2020,UMR Research,,Collins,7.0
2020-04-27,2020,UMR Research,,Peters,3.0
2020-05-16,2020,Newshub–Reid Research,1000,Ardern,59.5
2020-05-16,2020,Newshub–Reid Research,1000,Bridges,4.5
2020-05-16,2020,Newshub–Reid Research,1000,Collins,3.1
2020-05-20,2020,1 News–Colmar Brunton,1003,Ardern,63.0
2020-05-20,2020,1 News–Colmar Brunton,1003,Baker,0.3
2020-05-20,2020,1 News–Colmar Brunton,1003,Bridges,5.0
2020-05-20,2020,1 News–Colmar Brunton,1003,Collins,3.0
2020-05-20,2020,1 News–Colmar Brunton,1003,Davidson,0.1
2020-05-20,2020,1 News–Colmar Brunton,1003,English,0.1
2020-05-20,2020,1 News–Colmar Brunton,1003,Muller,0.2
2020-05-20,2020,1 News–Colmar Brunton,1003,Peters,1.0
2020-05-20,2020,1 News–Colmar Brunton,1003,Seymour,0.4
2020-05-20,2020,1 News–Colmar Brunton,1003,Shaw,0.1
2020-06-01,2020,UMR Research,,Ardern,65.0
2020-06-01,2020,UMR Research,,Muller,13.0
2020-06-24,2020,1 News–Colmar Brunton,1007,Ardern,54.0
2020-06-24,2020,1 News–Colmar Brunton,1007,Baker,0.1
2020-06-24,2020,1 News–Colmar Brunton,1007,Bridges,0.4
2020-06-24,2020,1 News–Colmar Brunton,1007,Collins,2.0
2020-06-24,2020,1 News–Colmar Brunton,1007,Davidson,0.1
2020-06-24,2020,1 News–Colmar Brunton,1007,English,0.2
2020-06-24,2020,1 News–Colmar Brunton,1007,Muller,13.0
2020-06-24,2020,1 News–Colmar Brunton,1007,Peters,2.0
2020-06-24,2020,1 News–Colmar Brunton,1007,Seymour,0.8
2020-06-24,2020,1 News–Colmar Brunton,1007,Shaw,0.1
2020-07-24,2020,Newshub–Reid Research,1000,Ardern,62.0
2020-07-24,2020,Newshub–Reid Research,1000,Collins,14.6
2020-07-29,2020,1 News–Colmar Brunton,1004,Ardern,54.0
2020-07-29,2020,1 News–Colmar Brunton,1004,Baker,0.1
2020-07-29,2020,1 News–Colmar Brunton,1004,Collins,20.0
2020-07-29,2020,1 News–Colmar Brunton,1004,Davidson,0.1
2020-07-29,2020,1 News–Colmar Brunton,1004,Kahika,0.7
2020-07-29,2020,1 News–Colmar Brunton,1004,Muller,0.2
2020-07-29,2020,1 News–Colmar Brunton,1004,Peters,1.0
2020-07-29,2020,1 News–Colmar Brunton,1004,Seymour,1.0
2020-07-29,2020,1 News–Colmar Brunton,1004,Shaw,0.1
2020-09-21,2020,1 News–Colmar Brunton,1008,Ardern,54.0
2020-09-21,2020,1 News–Colmar Brunton,1008,Baker,0.3
2020-09-21,2020,1 News–Colmar Brunton,1008,Bridges,0.1
2020-09-21,2020,1 News–Colmar Brunton,1008,Collins,18.0
2020-09-21,2020,1 News–Colmar Brunton,1008,English,0.3
2020-09-21,2020,1 News–Colmar Brunton,1008,Kahika,0.2
2020-09-21,2020,1 News–Colmar Brunton,1008,Peters,2.0
2020-09-21,2020,1 News–Colmar Brunton,1008,Seymour,2.0
2020-09-21,2020,1 News–Colmar Brunton,1008,Shaw,0.1
2020-09-23,2020,Newshub–Reid Research,1000,Ardern,53.2
2020-09-23,2020,Newshub–Reid Research,1000,Collins,17.7
2020-09-27,2020,1 News–Colmar Brunton,1005,Ardern,54.0
2020-09-27,2020,1 News–Colmar Brunton,1005,Baker,0.1
2020-09-27,2020,1 News–Colmar Brunton,1005,Bridges,0.1
2020-09-27,2020,1 News–Colmar Brunton,1005,Collins,23.0
2020-09-27,2020,1 News–Colmar Brunton,1005,Davidson,0.2
2020-09-27,2020,1 News–Colmar Brunton,1005,English,0.1
2020-09-27,2020,1 News–Colmar Brunton,1005,Kahika,0.4
2020-09-27,2020,1 News–Colmar Brunton,1005,Peters,1.0
2020-09-27,2020,1 News–Colmar Brunton,1005,Seymour,2.0
2020-09-27,2020,1 News–Colmar Brunton,1005,Shaw,0.1
2020-10-07,2020,1 News–Colmar Brunton,1007,Ardern,50.0
2020-10-07,2020,1 News–Colmar Brunton,1007,Baker,0.1
2020-10-07,2020,1 News–Colmar Brunton,1007,Bridges,0.2
2020-10-07,2020,1 News–Colmar Brunton,1007,Collins,23.0
2020-10-07,2020,1 News–Colmar Brunton,1007,Davidson,0.5
2020-10-07,2020,1 News–Colmar Brunton,1007,English,0.2
2020-10-07,2020,1 News–Colmar Brunton,1007,Kahika,0.2
2020-10-07,2020,1 News–Colmar Brunton,1007,Muller,0.1
2020-10-07,2020,1 News–Colmar Brunton,1007,Peters,1.0
2020-10-07,2020,1 News–Colmar Brunton,1007,Seymour,2.0
2020-10-07,2020,1 News–Colmar Brunton,1007,Shaw,0.1
2020-10-14,2020,1 News–Colmar Brunton,1005,Ardern,55.0
2020-10-14,2020,1 News–Colmar Brunton,1005,Baker,0.4
2020-10-14,2020,1 News–Colmar Brunton,1005,Bridges,0.4
2020-10-14,2020,1 News–Colmar Brunton,1005,Collins,20.0
2020-10-14,2020,1 News–Colmar Brunton,1005,Davidson,0.1
2020-10-14,2020,1 News–Colmar Brunton,1005,Kahika,0.4
2020-10-14,2020,1 News–Colmar Brunton,1005,Peters,1.0
2020-10-14,2020,1 News–Colmar Brunton,1005,Seymour,3.0
2020-10-14,2020,1 News–Colmar Brunton,1005,Shaw,0.4
2020-10-15,2020,Newshub–Reid Research,1000,Ardern,52.6
2020-10-15,2020,Newshub–Reid Research,1000,Collins,18.4
2020-12-02,2023,1 News–Kantar Public,1004,Ardern,58.0
2020-12-02,2023,1 News–Kantar Public,1004,Collins,12.0
2020-12-02,2023,1 News–Kantar Public,1004,Hipkins,0.3
2020-12-02,2023,1 News–Kantar Public,1004,Luxon,2.0
2020-12-02,2023,1 News–Kantar Public,1004,Peters,1.0
2020-12-02,2023,1 News–Kantar Public,1004,Seymour,4.0
2021-03-13,2023,1 News–Kantar Public,1006,Ardern,43.0
2021-03-13,2023,1 News–Kantar Public,1006,Collins,8.0
2021-03-13,2023,1 News–Kantar Public,1006,Luxon,2.0
2021-03-13,2023,1 News–Kantar Public,1006,Peters,0.7
2021-03-13,2023,1 News–Kantar Public,1006,Seymour,4.0
2021-05-13,2023,Newshub–Reid Research,1000,Ardern,48.1
2021-05-13,2023,Newshub–Reid Research,1000,Collins,5.6
2021-05-13,2023,Newshub–Reid Research,1000,Luxon,2.4
2021-05-26,2023,1 News–Kantar Public,1002,Ardern,48.0
2021-05-26,2023,1 News–Kantar Public,1002,Collins,9.0
2021-05-26,2023,1 News–Kantar Public,1002,Luxon,3.0
2021-05-26,2023,1 News–Kantar Public,1002,Peters,1.0
2021-05-26,2023,1 News–Kantar Public,1002,Seymour,6.0
2021-07-01,2023,Talbot Mills,1199,Ardern,55.0
2021-07-01,2023,Talbot Mills,1199,Collins,10.0
2021-07-01,2023,Talbot Mills,1199,Seymour,12.0
2021-07-29,2023,Newshub–Reid Research,1000,Ardern,45.5
2021-07-29,2023,Newshub–Reid Research,1000,Collins,8.2
2021-07-29,2023,Newshub–Reid Research,1000,Seymour,8.6
2021-08-01,2023,Talbot Mills,1216,Ardern,50.0
2021-08-01,2023,Talbot Mills,1216,Collins,11.0
2021-08-01,2023,Talbot Mills,1216,Luxon,2.1
2021-08-01,2023,Talbot Mills,1216,Seymour,14.0
2021-09-06,2023,Talbot Mills,1050,Ardern,55.0
2021-09-06,2023,Talbot Mills,1050,Collins,13.0
2021-09-06,2023,Talbot Mills,1050,Luxon,1.3
2021-09-06,2023,Talbot Mills,1050,Seymour,14.0
2021-09-09,2023,Taxpayers' Union–Curia,1000,Ardern,50.8
2021-09-09,2023,Taxpayers' Union–Curia,1000,Collins,4.4
2021-09-09,2023,Taxpayers' Union–Curia,1000,Luxon,3.3
2021-09-09,2023,Taxpayers' Union–Curia,1000,Peters,1.5
2021-09-09,2023,Taxpayers' Union–Curia,1000,Seymour,9.3
2021-09-26,2023,1 News–Kantar Public,1001,Ardern,44.0
2021-09-26,2023,1 News–Kantar Public,1001,Collins,5.0
2021-09-26,2023,1 News–Kantar Public,1001,Hipkins,0.1
2021-09-26,2023,1 News–Kantar Public,1001,Luxon,3.0
2021-09-26,2023,1 News–Kantar Public,1001,Peters,0.7
2021-09-26,2023,1 News–Kantar Public,1001,Seymour,11.0
2021-10-05,2023,Talbot Mills,1200,Ardern,51.0
2021-10-05,2023,Talbot Mills,1200,Collins,9.0
2021-10-05,2023,Talbot Mills,1200,Seymour,16.0
2021-10-11,2023,Taxpayers' Union–Curia,1000,Ardern,47.2
2021-10-11,2023,Taxpayers' Union–Curia,1000,Collins,5.2
2021-10-11,2023,Taxpayers' Union–Curia,1000,Luxon,2.3
2021-10-11,2023,Taxpayers' Union–Curia,1000,Peters,1.3
2021-10-11,2023,Taxpayers' Union–Curia,1000,Seymour,12.3
2021-11-03,2023,Talbot Mills,1023,Ardern,47.0
2021-11-03,2023,Talbot Mills,1023,Collins,10.0
2021-11-03,2023,Talbot Mills,1023,Luxon,2.0
2021-11-03,2023,Talbot Mills,1023,Seymour,15.0
2021-11-08,2023,Taxpayers' Union–Curia,1000,Ardern,34.0
2021-11-08,2023,Taxpayers' Union–Curia,1000,Collins,6.3
2021-11-08,2023,Taxpayers' Union–Curia,1000,Luxon,4.1
2021-11-08,2023,Taxpayers' Union–Curia,1000,Peters,1.5
2021-11-08,2023,Taxpayers' Union–Curia,1000,Seymour,10.5
2021-11-10,2023,1 News–Kantar Public,1001,Ardern,39.0
2021-11-10,2023,1 News–Kantar Public,1001,Collins,5.0
2021-11-10,2023,1 News–Kantar Public,1001,Luxon,4.0
2021-11-10,2023,1 News–Kantar Public,1001,Peters,1.0
2021-11-10,2023,1 News–Kantar Public,1001,Seymour,11.0
2021-11-17,2023,Newshub–Reid Research,1000,Ardern,41.7
2021-11-17,2023,Newshub–Reid Research,1000,Collins,6.1
2021-11-17,2023,Newshub–Reid Research,1000,Luxon,2.5
2021-11-17,2023,Newshub–Reid Research,1000,Seymour,11.9
2021-12-08,2023,Taxpayers' Union–Curia,1000,Ardern,39.1
2021-12-08,2023,Taxpayers' Union–Curia,1000,Collins,0.8
2021-12-08,2023,Taxpayers' Union–Curia,1000,Luxon,20.4
2021-12-08,2023,Taxpayers' Union–Curia,1000,Peters,2.4
2021-12-08,2023,Taxpayers' Union–Curia,1000,Seymour,5.6
2022-01-17,2023,Taxpayers' Union–Curia,1000,Ardern,37.5
2022-01-17,2023,Taxpayers' Union–Curia,1000,Collins,3.8
2022-01-17,2023,Taxpayers' Union–Curia,1000,Luxon,18.4
2022-01-17,2023,Taxpayers' Union–Curia,1000,Peters,0.9
2022-01-17,2023,Taxpayers' Union–Curia,1000,Seymour,8.4
2022-01-26,2023,1 News–Kantar Public,1000,Ardern,35.0
2022-01-26,2023,1 News–Kantar Public,1000,Collins,0.2
2022-01-26,2023,1 News–Kantar Public,1000,Hipkins,0.1
2022-01-26,2023,1 News–Kantar Public,1000,Luxon,17.0
2022-01-26,2023,1 News–Kantar Public,1000,Peters,1.0
2022-01-26,2023,1 News–Kantar Public,1000,Seymour,6.0
2022-02-04,2023,Newshub–Reid Research,,Ardern,43.3
2022-02-04,2023,Newshub–Reid Research,,Luxon,17.8
2022-02-04,2023,Newshub–Reid Research,,Seymour,7.9
2022-02-10,2023,Taxpayers' Union–Curia,1000,Ardern,38.9
2022-02-10,2023,Taxpayers' Union–Curia,1000,Collins,1.5
2022-02-10,2023,Taxpayers' Union–Curia,1000,Luxon,28.5
2022-02-10,2023,Taxpayers' Union–Curia,1000,Peters,1.8
2022-02-10,2023,Taxpayers' Union–Curia,1000,Seymour,2.4
2022-03-08,2023,1 News–Kantar Public,1000,Ardern,34.0
2022-03-08,2023,1 News–Kantar Public,1000,Collins,0.3
2022-03-08,2023,1 News–Kantar Public,1000,Hipkins,0.3
2022-03-08,2023,1 News–Kantar Public,1000,Luxon,25.0
2022-03-08,2023,1 News–Kantar Public,1000,Peters,2.0
2022-03-08,2023,1 News–Kantar Public,1000,Seymour,5.0
2022-03-15,2023,Taxpayers' Union–Curia,1000,Ardern,38.7
2022-03-15,2023,Taxpayers' Union–Curia,1000,Luxon,26.6
2022-03-15,2023,Taxpayers' Union–Curia,1000,Peters,5.5
2022-03-15,2023,Taxpayers' Union–Curia,1000,Seymour,4.4
2022-04-13,2023,Taxpayers' Union–Curia,1000,Ardern,36.3
2022-04-13,2023,Taxpayers' Union–Curia,1000,Luxon,28.6
2022-04-13,2023,Taxpayers' Union–Curia,1000,Peters,2.6
2022-04-13,2023,Taxpayers' Union–Curia,1000,Seymour,4.8
2022-04-27,2023,Newshub–Reid Research,,Ardern,36.3
2022-04-27,2023,Newshub–Reid Research,,Luxon,23.9
2022-04-27,2023,Newshub–Reid Research,,Seymour,5.1
2022-05-11,2023,Taxpayers' Union–Curia,1000,Ardern,35.1
2022-05-11,2023,Taxpayers' Union–Curia,1000,Luxon,27.9
2022-05-25,2023,1 News–Kantar Public,1002,Ardern,33.0
2022-05-25,2023,1 News–Kantar Public,1002,Collins,0.1
2022-05-25,2023,1 News–Kantar Public,1002,Luxon,25.0
2022-05-25,2023,1 News–Kantar Public,1002,Peters,1.0
2022-05-25,2023,1 News–Kantar Public,1002,Seymour,3.0
2022-06-10,2023,Talbot Mills,1200,Ardern,42.0
2022-06-10,2023,Talbot Mills,1200,Luxon,29.0
2022-06-10,2023,Talbot Mills,1200,Seymour,8.0
2022-06-12,2023,Taxpayers' Union–Curia,1200,Ardern,39.7
2022-06-12,2023,Taxpayers' Union–Curia,1200,Luxon,28.0
2022-06-12,2023,Taxpayers' Union–Curia,1200,Peters,3.8
2022-06-12,2023,Taxpayers' Union–Curia,1200,Seymour,5.6
2022-07-10,2023,Taxpayers' Union–Curia,1200,Ardern,41.2
2022-07-10,2023,Taxpayers' Union–Curia,1200,Luxon,22.4
2022-07-10,2023,Taxpayers' Union–Curia,1200,Peters,2.3
2022-07-10,2023,Taxpayers' Union–Curia,1200,Seymour,6.1
2022-08-03,2023,1 News–Kantar Public,1023,Ardern,30.0
2022-08-03,2023,1 News–Kantar Public,1023,Collins,0.2
2022-08-03,2023,1 News–Kantar Public,1023,Hipkins,0.2
2022-08-03,2023,1 News–Kantar Public,1023,Luxon,22.0
2022-08-03,2023,1 News–Kantar Public,1023,Peters,2.0
2022-08-03,2023,1 News–Kantar Public,1023,Seymour,5.0
2022-08-08,2023,Talbot Mills,,Ardern,39.0
2022-08-08,2023,Talbot Mills,,Luxon,26.0
2022-08-08,2023,Talbot Mills,,Seymour,9.0
2022-08-11,2023,Taxpayers' Union–Curia,1200,Ardern,39.5
2022-08-11,2023,Taxpayers' Union–Curia,1200,Luxon,19.5
2022-08-11,2023,Taxpayers' Union–Curia,1200,Peters,4.2
2022-08-11,2023,Taxpayers' Union–Curia,1200,Seymour,7.7
2022-09-07,2023,Talbot Mills,,Ardern,38.0
2022-09-07,2023,Talbot Mills,,Luxon,26.0
2022-09-09,2023,Taxpayers' Union–Curia,1000,Ardern,36.5
2022-09-09,2023,Taxpayers' Union–Curia,1000,Luxon,25.9
2022-09-09,2023,Taxpayers' Union–Curia,1000,Peters,2.6
2022-09-09,2023,Taxpayers' Union–Curia,1000,Seymour,6.6
2022-09-21,2023,1 News–Kantar Public,1001,Ardern,30.0
2022-09-21,2023,1 News–Kantar Public,1001,Collins,0.1
2022-09-21,2023,1 News–Kantar Public,1001,Hipkins,0.2
2022-09-21,2023,1 News–Kantar Public,1001,Luxon,21.0
2022-09-21,2023,1 News–Kantar Public,1001,Peters,2.0
2022-09-21,2023,1 News–Kantar Public,1001,Seymour,4.0
2022-10-11,2023,Taxpayers' Union–Curia,1000,Ardern,32.9
2022-10-11,2023,Taxpayers' Union–Curia,1000,Luxon,22.5
2022-10-11,2023,Taxpayers' Union–Curia,1000,Peters,3.6
2022-10-11,2023,Taxpayers' Union–Curia,1000,Seymour,7.3
2022-11-03,2023,Newshub–Reid Research,,Ardern,29.9
2022-11-03,2023,Newshub–Reid Research,,Luxon,21.5
2022-11-03,2023,Newshub–Reid Research,,Peters,4.2
2022-11-03,2023,Newshub–Reid Research,,Seymour,7.3
2022-11-07,2023,Talbot Mills,,Ardern,40.0
2022-11-07,2023,Talbot Mills,,Luxon,24.0
2022-11-08,2023,Taxpayers' Union–Curia,1000,Ardern,35.0
2022-11-08,2023,Taxpayers' Union–Curia,1000,Luxon,21.1
2022-11-08,2023,Taxpayers' Union–Curia,1000,Peters,2.5
2022-11-08,2023,Taxpayers' Union–Curia,1000,Seymour,6.1
2022-11-30,2023,1 News–Kantar Public,1011,Ardern,29.0
2022-11-30,2023,1 News–Kantar Public,1011,Collins,0.1
2022-11-30,2023,1 News–Kantar Public,1011,Hipkins,0.2
2022-11-30,2023,1 News–Kantar Public,1011,Luxon,23.0
2022-11-30,2023,1 News–Kantar Public,1011,Peters,2.0
2022-11-30,2023,1 News–Kantar Public,1011,Seymour,6.0
2022-12-06,2023,Taxpayers' Union–Curia,1000,Ardern,35.3
2022-12-06,2023,Taxpayers' Union–Curia,1000,Luxon,26.3
2022-12-06,2023,Taxpayers' Union–Curia,1000,Peters,3.4
2022-12-06,2023,Taxpayers' Union–Curia,1000,Seymour,7.1
2023-01-27,2023,Newshub–Reid Research,,Ardern,12.4
2023-01-27,2023,Newshub–Reid Research,,Hipkins,19.6
2023-01-27,2023,Newshub–Reid Research,,Luxon,18.8
2023-01-27,2023,Newshub–Reid Research,,Peters,2.9
2023-01-27,2023,Newshub–Reid Research,,Seymour,8.0
2023-01-29,2023,1 News–Kantar Public,1008,Ardern,5.0
2023-01-29,2023,1 News–Kantar Public,1008,Collins,0.3
2023-01-29,2023,1 News–Kantar Public,1008,Hipkins,23.0
2023-01-29,2023,1 News–Kantar Public,1008,Luxon,22.0
2023-01-29,2023,1 News–Kantar Public,1008,Peters,2.0
2023-01-29,2023,1 News–Kantar Public,1008,Seymour,6.0
2023-01-31,2023,Talbot Mills,,Hipkins,35.0
2023-01-31,2023,Talbot Mills,,Luxon,27.0
2023-01-31,2023,Talbot Mills,,Seymour,9.0
2023-02-09,2023,Taxpayers' Union–Curia,1000,Ardern,9.0
2023-02-09,2023,Taxpayers' Union–Curia,1000,Hipkins,30.0
2023-02-09,2023,Taxpayers' Union–Curia,1000,Luxon,26.0
2023-02-09,2023,Taxpayers' Union–Curia,1000,Peters,3.5
2023-02-09,2023,Taxpayers' Union–Curia,1000,Seymour,8.0
2023-03-07,2023,Taxpayers' Union–Curia,1000,Ardern,7.0
2023-03-07,2023,Taxpayers' Union–Curia,1000,Hipkins,30.0
2023-03-07,2023,Taxpayers' Union–Curia,1000,Luxon,21.0
2023-03-07,2023,Taxpayers' Union–Curia,1000,Seymour,8.0
2023-03-08,2023,1 News–Kantar Public,1002,Ardern,2.0
2023-03-08,2023,1 News–Kantar Public,1002,Collins,0.2
2023-03-08,2023,1 News–Kantar Public,1002,Hipkins,27.0
2023-03-08,2023,1 News–Kantar Public,1002,Luxon,17.0
2023-03-08,2023,1 News–Kantar Public,1002,Peters,3.0
2023-03-08,2023,1 News–Kantar Public,1002,Seymour,6.0
2023-03-09,2023,Talbot Mills,1021,Hipkins,39.0
2023-03-09,2023,Talbot Mills,1021,Luxon,23.0
2023-04-05,2023,Talbot Mills,,Hipkins,36.0
2023-04-05,2023,Talbot Mills,,Luxon,24.0
2023-04-05,2023,Talbot Mills,,Seymour,11.0
2023-05-03,2023,Talbot Mills,1046,Hipkins,32.0
2023-05-03,2023,Talbot Mills,1046,Luxon,25.0
2023-05-11,2023,Newshub–Reid Research,,Ardern,8.5
2023-05-11,2023,Newshub–Reid Research,,Hipkins,23.4
2023-05-11,2023,Newshub–Reid Research,,Luxon,16.4
2023-05-11,2023,Newshub–Reid Research,,Peters,3.6
2023-05-11,2023,Newshub–Reid Research,,Seymour,7.5
2023-05-24,2023,1 News–Kantar Public,1002,Ardern,1.0
2023-05-24,2023,1 News–Kantar Public,1002,Collins,0.1
2023-05-24,2023,1 News–Kantar Public,1002,Hipkins,25.0
2023-05-24,2023,1 News–Kantar Public,1002,Luxon,18.0
2023-05-24,2023,1 News–Kantar Public,1002,Peters,2.0
2023-05-24,2023,1 News–Kantar Public,1002,Seymour,7.0
2023-06-06,2023,Taxpayers' Union Curia,1000,Ardern,9.0
2023-06-06,2023,Taxpayers' Union Curia,1000,Hipkins,29.0
2023-06-06,2023,Taxpayers' Union Curia,1000,Luxon,23.0
2023-06-06,2023,Taxpayers' Union Curia,1000,Peters,2.8
2023-06-06,2023,Taxpayers' Union Curia,1000,Seymour,7.0
2023-07-02,2023,Talbot Mills,1036,Hipkins,32.0
2023-07-02,2023,Talbot Mills,1036,Luxon,21.0
2023-07-10,2023,Taxpayers' Union–Curia,1000,Ardern,8.0
2023-07-10,2023,Taxpayers' Union–Curia,1000,Hipkins,23.0
2023-07-10,2023,Taxpayers' Union–Curia,1000,Luxon,20.0
2023-07-10,2023,Taxpayers' Union–Curia,1000,Peters,3.6
2023-07-10,2023,Taxpayers' Union–Curia,1000,Seymour,6.0
2023-07-12,2023,1 News–Verian,1000,Ardern,1.0
2023-07-12,2023,1 News–Verian,1000,Hipkins,24.0
2023-07-12,2023,1 News–Verian,1000,Luxon,20.0
2023-07-12,2023,1 News–Verian,1000,Peters,2.0
2023-07-12,2023,1 News–Verian,1000,Seymour,7.0
2023-07-31,2023,Newshub–Reid Research,,Hipkins,24.0
2023-07-31,2023,Newshub–Reid Research,,Luxon,15.9
2023-07-31,2023,Newshub–Reid Research,,Peters,4.3
2023-07-31,2023,Newshub–Reid Research,,Seymour,10.9
2023-08-07,2023,Talbot Mills,1012,Hipkins,34.0
2023-08-07,2023,Talbot Mills,1012,Luxon,24.0
2023-08-08,2023,Taxpayers' Union–Curia,1000,Hipkins,25.0
2023-08-08,2023,Taxpayers' Union–Curia,1000,Luxon,25.0
2023-08-08,2023,Taxpayers' Union–Curia,1000,Peters,7.0
2023-08-08,2023,Taxpayers' Union–Curia,1000,Seymour,7.0
2023-08-16,2023,1 News–Verian,1000,Ardern,2.0
2023-08-16,2023,1 News–Verian,1000,Collins,0.2
2023-08-16,2023,1 News–Verian,1000,Hipkins,21.0
2023-08-16,2023,1 News–Verian,1000,Luxon,20.0
2023-08-16,2023,1 News–Verian,1000,Peters,3.0
2023-08-16,2023,1 News–Verian,1000,Seymour,6.0
2023-08-30,2023,Talbot Mills,,Hipkins,28.0
2023-08-30,2023,Talbot Mills,,Luxon,26.0
2023-08-30,2023,Talbot Mills,,Seymour,11.0
2023-08-30,2023,The Post–Freshwater Strategy,1511,Hipkins,45.0
2023-08-30,2023,The Post–Freshwater Strategy,1511,Luxon,43.0
2023-09-09,2023,Newshub–Reid Research,,Hipkins,22.5
2023-09-09,2023,Newshub–Reid Research,,Luxon,22.5
2023-09-09,2023,Newshub–Reid Research,,Peters,4.6
2023-09-09,2023,Newshub–Reid Research,,Seymour,7.0
2023-09-12,2023,1 News–Verian,1002,Ardern,1.0
2023-09-12,2023,1 News–Verian,1002,Collins,0.1
2023-09-12,2023,1 News–Verian,1002,Hipkins,23.0
2023-09-12,2023,1 News–Verian,1002,Luxon,23.0
2023-09-12,2023,1 News–Verian,1002,Peters,4.0
2023-09-12,2023,1 News–Verian,1002,Seymour,5.0
2023-09-19,2023,1 News–Verian,1001,Ardern,1.0
2023-09-19,2023,1 News–Verian,1001,Collins,0.2
2023-09-19,2023,1 News–Verian,1001,Hipkins,23.0
2023-09-19,2023,1 News–Verian,1001,Luxon,23.0
2023-09-19,2023,1 News–Verian,1001,Peters,4.0
2023-09-19,2023,1 News–Verian,1001,Seymour,5.0
2023-09-23,2023,Newshub–Reid Research,,Ardern,4.1
2023-09-23,2023,Newshub–Reid Research,,Hipkins,19.1
2023-09-23,2023,Newshub–Reid Research,,Luxon,24.0
2023-09-23,2023,Newshub–Reid Research,,Peters,6.0
2023-09-23,2023,Newshub–Reid Research,,Seymour,6.1
2023-09-26,2023,1 News–Verian,1002,Ardern,1.0
2023-09-26,2023,1 News–Verian,1002,Hipkins,23.0
2023-09-26,2023,1 News–Verian,1002,Luxon,23.0
2023-09-26,2023,1 News–Verian,1002,Peters,4.0
2023-09-26,2023,1 News–Verian,1002,Seymour,5.0
2023-10-03,2023,1 News–Verian,1000,Ardern,0.4
2023-10-03,2023,1 News–Verian,1000,Hipkins,25.0
2023-10-03,2023,1 News–Verian,1000,Luxon,26.0
2023-10-03,2023,1 News–Verian,1000,Peters,4.0
2023-10-03,2023,1 News–Verian,1000,Seymour,3.0
2023-10-04,2023,Taxpayers’ Union–Curia,1000,Ardern,4.5
2023-10-04,2023,Taxpayers’ Union–Curia,1000,Hipkins,27.0
2023-10-04,2023,Taxpayers’ Union–Curia,1000,Luxon,29.0
2023-10-04,2023,Taxpayers’ Union–Curia,1000,Peters,4.3
2023-10-04,2023,Taxpayers’ Union–Curia,1000,Seymour,4.0
2023-10-10,2023,1 News–Verian,1001,Ardern,0.5
2023-10-10,2023,1 News–Verian,1001,Collins,0.2
2023-10-10,2023,1 News–Verian,1001,Hipkins,25.0
2023-10-10,2023,1 News–Verian,1001,Luxon,25.0
2023-10-10,2023,1 News–Verian,1001,Peters,5.0
2023-10-10,2023,1 News–Verian,1001,Seymour,4.0
2023-10-10,2023,Newshub–Reid Research,,Ardern,3.4
2023-10-10,2023,Newshub–Reid Research,,Hipkins,22.2
2023-10-10,2023,Newshub–Reid Research,,Luxon,23.6
2023-10-10,2023,Newshub–Reid Research,,Peters,5.0
2023-10-10,2023,Newshub–Reid Research,,Seymour,4.2
2023-11-06,2026,Taxpayers' Union–Curia,1000,Hipkins,18.0
2023-11-06,2026,Taxpayers' Union–Curia,1000,Luxon,33.0
2023-11-06,2026,Taxpayers' Union–Curia,1000,Peters,5.0
2023-11-06,2026,Taxpayers' Union–Curia,1000,Seymour,4.0
2023-11-06,2026,Taxpayers' Union–Curia,1000,Swarbrick,6.3
2023-12-05,2026,Curia,,Hipkins,22.0
2023-12-05,2026,Curia,,Luxon,30.0
2024-01-10,2026,Curia,1000,Hipkins,13.0
2024-01-10,2026,Curia,1000,Luxon,31.0
2024-02-07,2026,Taxpayers' Union–Curia,1000,Hipkins,19.0
2024-02-07,2026,Taxpayers' Union–Curia,1000,Luxon,29.0
2024-02-07,2026,Taxpayers' Union–Curia,1000,Peters,6.0
2024-02-07,2026,Taxpayers' Union–Curia,1000,Seymour,10.0
2024-02-07,2026,Taxpayers' Union–Curia,1000,Swarbrick,6.0
2024-02-10,2026,Talbot Mills,,Hipkins,23.0
2024-02-10,2026,Talbot Mills,,Luxon,27.0
2024-02-14,2026,1 News–Verian,1002,Hipkins,15.0
2024-02-14,2026,1 News–Verian,1002,Luxon,25.0
2024-02-14,2026,1 News–Verian,1002,Peters,6.0
2024-02-14,2026,1 News–Verian,1002,Seymour,4.0
2024-02-14,2026,1 News–Verian,1002,Swarbrick,4.0
2024-03-10,2026,Talbot Mills,1000,Hipkins,23.0
2024-03-10,2026,Talbot Mills,1000,Luxon,24.0
2024-04-24,2026,1 News–Verian,1000,Hipkins,16.0
2024-04-24,2026,1 News–Verian,1000,Luxon,23.0
2024-04-24,2026,1 News–Verian,1000,Peters,4.0
2024-04-24,2026,1 News–Verian,1000,Seymour,5.0
2024-04-24,2026,1 News–Verian,1000,Swarbrick,6.0
2024-05-10,2026,Talbot Mills,,Hipkins,25.0
2024-05-10,2026,Talbot Mills,,Luxon,25.0
2024-06-06,2026,Taxpayers' Union–Curia,1000,Hipkins,20.2
2024-06-06,2026,Taxpayers' Union–Curia,1000,Luxon,25.4
2024-06-06,2026,Taxpayers' Union–Curia,1000,Peters,3.8
2024-06-06,2026,Taxpayers' Union–Curia,1000,Seymour,5.0
2024-06-06,2026,Taxpayers' Union–Curia,1000,Swarbrick,8.6
2024-06-19,2026,1 News–Verian,1002,Hipkins,18.0
2024-06-19,2026,1 News–Verian,1002,Luxon,23.0
2024-06-19,2026,1 News–Verian,1002,Peters,4.0
2024-06-19,2026,1 News–Verian,1002,Seymour,4.0
2024-06-19,2026,1 News–Verian,1002,Swarbrick,6.0
2024-07-08,2026,Taxpayers' Union–Curia,1000,Hipkins,18.7
2024-07-08,2026,Taxpayers' Union–Curia,1000,Luxon,34.5
2024-07-08,2026,Taxpayers' Union–Curia,1000,Peters,5.6
2024-07-08,2026,Taxpayers' Union–Curia,1000,Seymour,5.6
2024-07-08,2026,Taxpayers' Union–Curia,1000,Swarbrick,10.9
2024-08-14,2026,1 News–Verian,1001,Hipkins,18.0
2024-08-14,2026,1 News–Verian,1001,Luxon,28.0
2024-08-14,2026,1 News–Verian,1001,Peters,5.0
2024-08-14,2026,1 News–Verian,1001,Seymour,4.0
2024-08-14,2026,1 News–Verian,1001,Swarbrick,7.0
2024-09-10,2026,Talbot Mills,,Hipkins,22.0
2024-09-10,2026,Talbot Mills,,Luxon,26.0
2024-09-10,2026,Taxpayers' Union–Curia,1000,Hipkins,12.6
2024-09-10,2026,Taxpayers' Union–Curia,1000,Luxon,32.7
2024-09-10,2026,Taxpayers' Union–Curia,1000,Peters,6.7
2024-09-10,2026,Taxpayers' Union–Curia,1000,Seymour,5.2
2024-09-10,2026,Taxpayers' Union–Curia,1000,Swarbrick,7.2
2024-10-07,2026,Taxpayers' Union–Curia,1000,Hipkins,16.9
2024-10-07,2026,Taxpayers' Union–Curia,1000,Luxon,27.7
2024-10-07,2026,Taxpayers' Union–Curia,1000,Peters,8.4
2024-10-07,2026,Taxpayers' Union–Curia,1000,Seymour,7.4
2024-10-07,2026,Taxpayers' Union–Curia,1000,Swarbrick,9.9
2024-10-09,2026,1 News–Verian,1000,Hipkins,15.0
2024-10-09,2026,1 News–Verian,1000,Luxon,25.0
2024-10-09,2026,1 News–Verian,1000,Peters,6.0
2024-10-09,2026,1 News–Verian,1000,Seymour,4.0
2024-10-09,2026,1 News–Verian,1000,Swarbrick,6.0
2024-11-10,2026,Talbot Mills,,Hipkins,23.0
2024-11-10,2026,Talbot Mills,,Luxon,25.0
2024-11-10,2026,Taxpayers' Union–Curia,1000,Hipkins,15.5
2024-11-10,2026,Taxpayers' Union–Curia,1000,Luxon,26.5
2024-11-10,2026,Taxpayers' Union–Curia,1000,Peters,6.3
2024-11-10,2026,Taxpayers' Union–Curia,1000,Seymour,7.4
2024-11-10,2026,Taxpayers' Union–Curia,1000,Swarbrick,5.2
2024-11-27,2026,The Post/Freshwater Strategy,1150,Hipkins,42.0
2024-11-27,2026,The Post/Freshwater Strategy,1150,Luxon,41.0
2024-11-28,2026,Labour–Talbot Mills,,Hipkins,22.7
2024-11-28,2026,Labour–Talbot Mills,,Luxon,22.1
2024-12-03,2026,Taxpayers' Union–Curia,1000,Hipkins,19.9
2024-12-03,2026,Taxpayers' Union–Curia,1000,Luxon,27.1
2024-12-03,2026,Taxpayers' Union–Curia,1000,Peters,5.8
2024-12-03,2026,Taxpayers' Union–Curia,1000,Seymour,5.8
2024-12-03,2026,Taxpayers' Union–Curia,1000,Swarbrick,4.5
2024-12-04,2026,1 News–Verian,1006,Hipkins,15.0
2024-12-04,2026,1 News–Verian,1006,Luxon,24.0
2024-12-04,2026,1 News–Verian,1006,Peters,5.0
2024-12-04,2026,1 News–Verian,1006,Seymour,6.0
2024-12-04,2026,1 News–Verian,1006,Swarbrick,6.0
2025-01-13,2026,Taxpayers' Union–Curia,1000,Hipkins,15.3
2025-01-13,2026,Taxpayers' Union–Curia,1000,Luxon,24.5
2025-01-13,2026,Taxpayers' Union–Curia,1000,Peters,8.8
2025-01-13,2026,Taxpayers' Union–Curia,1000,Seymour,6.3
2025-01-13,2026,Taxpayers' Union–Curia,1000,Swarbrick,8.5
2025-01-27,2026,Talbot Mills,1049,Hipkins,25.0
2025-01-27,2026,Talbot Mills,1049,Luxon,24.0
2025-02-04,2026,Taxpayers' Union–Curia,1000,Hipkins,17.6
2025-02-04,2026,Taxpayers' Union–Curia,1000,Luxon,20.7
2025-02-04,2026,Taxpayers' Union–Curia,1000,Peters,8.0
2025-02-04,2026,Taxpayers' Union–Curia,1000,Seymour,6.4
2025-02-04,2026,Taxpayers' Union–Curia,1000,Swarbrick,8.9
2025-02-07,2026,1 News–Verian,1002,Hipkins,17.0
2025-02-07,2026,1 News–Verian,1002,Luxon,22.0
2025-02-07,2026,1 News–Verian,1002,Peters,5.0
2025-02-07,2026,1 News–Verian,1002,Seymour,6.0
2025-02-07,2026,1 News–Verian,1002,Swarbrick,6.0
2025-03-04,2026,Taxpayers' Union–Curia,1000,Hipkins,20.7
2025-03-04,2026,Taxpayers' Union–Curia,1000,Luxon,20.3
2025-03-04,2026,Taxpayers' Union–Curia,1000,Peters,8.6
2025-03-04,2026,Taxpayers' Union–Curia,1000,Seymour,5.0
2025-03-04,2026,Taxpayers' Union–Curia,1000,Swarbrick,4.8
2025-03-10,2026,Talbot Mills,1003,Hipkins,24.0
2025-03-10,2026,Talbot Mills,1003,Luxon,21.0
2025-03-27,2026,RNZ–Reid Research,1000,Hipkins,20.9
2025-03-27,2026,RNZ–Reid Research,1000,Luxon,21.9
2025-03-27,2026,RNZ–Reid Research,1000,Peters,7.9
2025-03-27,2026,RNZ–Reid Research,1000,Seymour,6.8
2025-03-27,2026,RNZ–Reid Research,1000,Swarbrick,6.1
2025-04-01,2026,Taxpayers' Union–Curia,1000,Hipkins,18.9
2025-04-01,2026,Taxpayers' Union–Curia,1000,Luxon,21.9
2025-04-01,2026,Taxpayers' Union–Curia,1000,Peters,12.8
2025-04-01,2026,Taxpayers' Union–Curia,1000,Seymour,8.0
2025-04-01,2026,Taxpayers' Union–Curia,1000,Swarbrick,4.2
2025-04-02,2026,1 News–Verian,1000,Hipkins,20.0
2025-04-02,2026,1 News–Verian,1000,Luxon,23.0
2025-04-02,2026,1 News–Verian,1000,Peters,7.0
2025-04-02,2026,1 News–Verian,1000,Seymour,3.0
2025-04-02,2026,1 News–Verian,1000,Swarbrick,4.0
2025-05-04,2026,Taxpayers' Union–Curia,1000,Hipkins,20.0
2025-05-04,2026,Taxpayers' Union–Curia,1000,Luxon,24.5
2025-05-04,2026,Taxpayers' Union–Curia,1000,Peters,8.1
2025-05-04,2026,Taxpayers' Union–Curia,1000,Seymour,6.7
2025-05-04,2026,Taxpayers' Union–Curia,1000,Swarbrick,5.0
2025-05-28,2026,1 News-Verian,1002,Hipkins,19.0
2025-05-28,2026,1 News-Verian,1002,Luxon,23.0
2025-05-28,2026,1 News-Verian,1002,Peters,6.0
2025-05-28,2026,1 News-Verian,1002,Seymour,4.0
2025-05-28,2026,1 News-Verian,1002,Swarbrick,5.0
2025-05-30,2026,RNZ-Reid Research,1008,Hipkins,23.2
2025-05-30,2026,RNZ-Reid Research,1008,Luxon,18.8
2025-05-30,2026,RNZ-Reid Research,1008,Peters,8.9
2025-05-30,2026,RNZ-Reid Research,1008,Seymour,6.4
2025-05-30,2026,RNZ-Reid Research,1008,Swarbrick,6.9
2025-06-09,2026,Taxpayers' Union–Curia,1000,Hipkins,18.5
2025-06-09,2026,Taxpayers' Union–Curia,1000,Luxon,20.3
2025-06-09,2026,Taxpayers' Union–Curia,1000,Peters,8.0
2025-06-09,2026,Taxpayers' Union–Curia,1000,Seymour,6.0
2025-06-09,2026,Taxpayers' Union–Curia,1000,Swarbrick,5.6
2025-06-15,2026,The Post/Freshwater Strategy,1150,Hipkins,43.0
2025-06-15,2026,The Post/Freshwater Strategy,1150,Luxon,37.0
2025-07-06,2026,Taxpayers' Union–Curia,1000,Hipkins,19.6
2025-07-06,2026,Taxpayers' Union–Curia,1000,Luxon,19.7
2025-07-06,2026,Taxpayers' Union–Curia,1000,Peters,9.3
2025-07-06,2026,Taxpayers' Union–Curia,1000,Seymour,5.7
2025-07-06,2026,Taxpayers' Union–Curia,1000,Swarbrick,7.0
2025-07-10,2026,Talbot Mills,1090,Hipkins,24.0
2025-07-10,2026,Talbot Mills,1090,Luxon,24.0
2025-08-05,2026,Taxpayers' Union–Curia,1000,Hipkins,20.2
2025-08-05,2026,Taxpayers' Union–Curia,1000,Luxon,20.2
2025-08-05,2026,Taxpayers' Union–Curia,1000,Peters,8.2
2025-08-05,2026,Taxpayers' Union–Curia,1000,Seymour,6.2
2025-08-05,2026,Taxpayers' Union–Curia,1000,Swarbrick,8.0
2025-08-06,2026,1 News–Verian,1002,Hipkins,19.0
2025-08-06,2026,1 News–Verian,1002,Luxon,20.0
2025-08-06,2026,1 News–Verian,1002,Peters,7.0
2025-08-06,2026,1 News–Verian,1002,Seymour,4.0
2025-08-06,2026,1 News–Verian,1002,Swarbrick,4.0
2025-08-10,2026,Talbot Mills,1000,Hipkins,26.0
2025-08-10,2026,Talbot Mills,1000,Luxon,21.0
2025-09-02,2026,Taxpayers' Union–Curia,1000,Hipkins,17.7
2025-09-02,2026,Taxpayers' Union–Curia,1000,Luxon,21.7
2025-09-02,2026,Taxpayers' Union–Curia,1000,Peters,10.9
2025-09-02,2026,Taxpayers' Union–Curia,1000,Seymour,3.7
2025-09-02,2026,Taxpayers' Union–Curia,1000,Swarbrick,8.8
2025-09-10,2026,Talbot Mills,1000,Hipkins,25.0
2025-09-10,2026,Talbot Mills,1000,Luxon,20.0
2025-09-12,2026,RNZ-Reid Research,1000,Hipkins,23.0
2025-09-12,2026,RNZ-Reid Research,1000,Luxon,19.6
2025-09-12,2026,RNZ-Reid Research,1000,Peters,8.9
2025-09-12,2026,RNZ-Reid Research,1000,Seymour,5.8
2025-09-12,2026,RNZ-Reid Research,1000,Swarbrick,6.5
2025-10-05,2026,Taxpayers' Union–Curia,1000,Hipkins,20.9
2025-10-05,2026,Taxpayers' Union–Curia,1000,Luxon,19.8
2025-10-05,2026,Taxpayers' Union–Curia,1000,Peters,9.9
2025-10-05,2026,Taxpayers' Union–Curia,1000,Seymour,4.0
2025-10-05,2026,Taxpayers' Union–Curia,1000,Swarbrick,6.3
2025-10-08,2026,1 News–Verian,1014,Hipkins,18.0
2025-10-08,2026,1 News–Verian,1014,Luxon,21.0
2025-10-08,2026,1 News–Verian,1014,Peters,8.0
2025-10-08,2026,1 News–Verian,1014,Seymour,5.0
2025-10-08,2026,1 News–Verian,1014,Swarbrick,6.0
2025-10-08,2026,The Post/Freshwater Strategy,1050,Hipkins,45.0
2025-10-08,2026,The Post/Freshwater Strategy,1050,Luxon,36.0
2025-10-10,2026,Talbot Mills,1097,Hipkins,24.0
2025-10-10,2026,Talbot Mills,1097,Luxon,21.0
2025-11-06,2026,Taxpayers' Union–Curia,1000,Hipkins,20.6
2025-11-06,2026,Taxpayers' Union–Curia,1000,Luxon,20.8
2025-11-06,2026,Taxpayers' Union–Curia,1000,Peters,8.5
2025-11-06,2026,Taxpayers' Union–Curia,1000,Seymour,7.7
2025-11-06,2026,Taxpayers' Union–Curia,1000,Swarbrick,4.1
2025-11-10,2026,Talbot Mills,,Hipkins,26.0
2025-11-10,2026,Talbot Mills,,Luxon,22.0
2025-12-03,2026,1 News–Verian,1007,Hipkins,21.0
2025-12-03,2026,1 News–Verian,1007,Luxon,23.0
2025-12-03,2026,1 News–Verian,1007,Peters,9.0
2025-12-03,2026,1 News–Verian,1007,Seymour,5.0
2025-12-03,2026,1 News–Verian,1007,Swarbrick,5.0
2025-12-07,2026,Taxpayers' Union–Curia,1000,Hipkins,17.8
2025-12-07,2026,Taxpayers' Union–Curia,1000,Luxon,19.7
2025-12-07,2026,Taxpayers' Union–Curia,1000,Peters,8.5
2025-12-07,2026,Taxpayers' Union–Curia,1000,Seymour,6.0
2025-12-07,2026,Taxpayers' Union–Curia,1000,Swarbrick,7.6
2025-12-10,2026,The Post/Freshwater Strategy,1031,Hipkins,45.0
2025-12-10,2026,The Post/Freshwater Strategy,1031,Luxon,39.0
2026-01-18,2026,Taxpayers' Union–Curia,1000,Hipkins,18.0
2026-01-18,2026,Taxpayers' Union–Curia,1000,Luxon,19.5
2026-01-18,2026,Taxpayers' Union–Curia,1000,Peters,9.7
2026-01-18,2026,Taxpayers' Union–Curia,1000,Seymour,7.1
2026-01-18,2026,Taxpayers' Union–Curia,1000,Swarbrick,5.5
2026-01-22,2026,RNZ–Reid Research,1000,Hipkins,21.1
2026-01-22,2026,RNZ–Reid Research,1000,Luxon,19.4
2026-01-22,2026,RNZ–Reid Research,1000,Peters,12.6
2026-01-22,2026,RNZ–Reid Research,1000,Seymour,6.7
2026-01-22,2026,RNZ–Reid Research,1000,Swarbrick,6.0
2026-02-03,2026,Taxpayers' Union–Curia,1000,Hipkins,18.0
2026-02-03,2026,Taxpayers' Union–Curia,1000,Luxon,22.0
2026-02-03,2026,Taxpayers' Union–Curia,1000,Peters,12.5
2026-02-03,2026,Taxpayers' Union–Curia,1000,Seymour,4.8
2026-02-03,2026,Taxpayers' Union–Curia,1000,Swarbrick,6.7
2026-02-11,2026,1 News–Verian,1003,Hipkins,20.0
2026-02-11,2026,1 News–Verian,1003,Luxon,20.0
2026-02-11,2026,1 News–Verian,1003,Peters,10.0
2026-02-11,2026,1 News–Verian,1003,Seymour,4.0
2026-02-11,2026,1 News–Verian,1003,Swarbrick,5.0
2026-02-12,2026,The Post/Freshwater Strategy,1039,Hipkins,46.0
2026-02-12,2026,The Post/Freshwater Strategy,1039,Luxon,34.0
2026-03-03,2026,Taxpayers' Union–Curia,1000,Hipkins,22.7
2026-03-03,2026,Taxpayers' Union–Curia,1000,Luxon,21.0
2026-03-03,2026,Taxpayers' Union–Curia,1000,Peters,10.4
2026-03-03,2026,Taxpayers' Union–Curia,1000,Seymour,5.2
2026-03-03,2026,Taxpayers' Union–Curia,1000,Swarbrick,4.6
2026-03-12,2026,Talbot Mills,1059,Hipkins,26.0
2026-03-12,2026,Talbot Mills,1059,Luxon,22.0
2026-03-12,2026,Talbot Mills,1059,Peters,13.0
2026-03-12,2026,Talbot Mills,1059,Seymour,6.0
2026-03-12,2026,Talbot Mills,1059,Swarbrick,8.0
2026-03-20,2026,RNZ–Reid Research,1000,Hipkins,20.7
2026-03-20,2026,RNZ–Reid Research,1000,Luxon,17.3
2026-03-20,2026,RNZ–Reid Research,1000,Peters,13.1
2026-03-20,2026,RNZ–Reid Research,1000,Seymour,6.8
2026-03-20,2026,RNZ–Reid Research,1000,Swarbrick,6.8
2026-04-02,2026,Taxpayers' Union–Curia,1000,Hipkins,21.7
2026-04-02,2026,Taxpayers' Union–Curia,1000,Luxon,20.5
2026-04-02,2026,Taxpayers' Union–Curia,1000,Peters,12.1
2026-04-02,2026,Taxpayers' Union–Curia,1000,Seymour,4.6
2026-04-02,2026,Taxpayers' Union–Curia,1000,Swarbrick,7.4
2026-04-15,2026,1 News–Verian,1010,Hipkins,19.0
2026-04-15,2026,1 News–Verian,1010,Luxon,16.0
2026-04-15,2026,1 News–Verian,1010,Peters,12.0
2026-04-15,2026,1 News–Verian,1010,Seymour,4.0
2026-04-15,2026,1 News–Verian,1010,Swarbrick,6.0
2026-04-16,2026,Talbot Mills,1082,Hipkins,23.0
2026-04-16,2026,Talbot Mills,1082,Luxon,20.0
2026-04-16,2026,Talbot Mills,1082,Peters,15.0
2026-04-16,2026,Talbot Mills,1082,Seymour,7.0
2026-04-16,2026,Talbot Mills,1082,Swarbrick,9.0
2026-05-07,2026,Taxpayers' Union–Curia,1000,Hipkins,19.0
2026-05-07,2026,Taxpayers' Union–Curia,1000,Luxon,21.5
2026-05-07,2026,Taxpayers' Union–Curia,1000,Peters,11.6
2026-05-07,2026,Taxpayers' Union–Curia,1000,Seymour,3.9
2026-05-07,2026,Taxpayers' Union–Curia,1000,Swarbrick,5.4
2026-05-10,2026,Talbot Mills,,Hipkins,23.0
2026-05-10,2026,Talbot Mills,,Luxon,20.0
2026-05-10,2026,Talbot Mills,,Peters,17.0
2026-05-10,2026,Talbot Mills,,Seymour,7.0
2026-05-10,2026,Talbot Mills,,Swarbrick,10.0
2026-06-08,2026,Taxpayers' Union–Curia,1000,Hipkins,17.1
2026-06-08,2026,Taxpayers' Union–Curia,1000,Luxon,18.8
2026-06-08,2026,Taxpayers' Union–Curia,1000,Peters,12.8
2026-06-08,2026,Taxpayers' Union–Curia,1000,Seymour,6.3
2026-06-08,2026,Taxpayers' Union–Curia,1000,Swarbrick,8.1
2026-06-10,2026,Talbot Mills,1021,Hipkins,21.0
2026-06-10,2026,Talbot Mills,1021,Luxon,20.0
2026-06-10,2026,Talbot Mills,1021,Peters,14.0
2026-06-10,2026,Talbot Mills,1021,Seymour,6.0
2026-06-10,2026,Talbot Mills,1021,Swarbrick,10.0
2026-06-11,2026,The Post/Freshwater Strategy,1038,Hipkins,44.0
2026-06-11,2026,The Post/Freshwater Strategy,1038,Luxon,37.0
2026-06-17,2026,1 News–Verian,1001,Hipkins,16.0
2026-06-17,2026,1 News–Verian,1001,Luxon,18.0
2026-06-17,2026,1 News–Verian,1001,Peters,10.0
2026-06-17,2026,1 News–Verian,1001,Seymour,4.0
2026-06-17,2026,1 News–Verian,1001,Swarbrick,6.0
2026-07-05,2026,Taxpayers' Union–Curia,1000,Hipkins,19.2
2026-07-05,2026,Taxpayers' Union–Curia,1000,Luxon,19.1
2026-07-05,2026,Taxpayers' Union–Curia,1000,Peters,11.8
2026-07-05,2026,Taxpayers' Union–Curia,1000,Seymour,5.1
2026-07-05,2026,Taxpayers' Union–Curia,1000,Swarbrick,4.6
2026-07-09,2026,RNZ–Reid Research,1000,Hipkins,23.9
2026-07-09,2026,RNZ–Reid Research,1000,Luxon,20.0
2026-07-09,2026,RNZ–Reid Research,1000,Peters,13.2
2026-07-09,2026,RNZ–Reid Research,1000,Seymour,6.9
2026-07-09,2026,RNZ–Reid Research,1000,Swarbrick,8.2
2026-08-04,2026,Taxpayers' Union–Curia,1000,Hipkins,19.8
2026-08-04,2026,Taxpayers' Union–Curia,1000,Luxon,23.2
2026-08-04,2026,Taxpayers' Union–Curia,1000,Peters,10.5
2026-08-04,2026,Taxpayers' Union–Curia,1000,Seymour,3.8
2026-08-04,2026,Taxpayers' Union–Curia,1000,Swarbrick,4.8
